Key,Comment,Japanese,English
Daiya Fallen Scene,注釈,闇堕ちシーン,闇堕ちシーン
,Daiya story 1-1 ,,
Daiya.Fallen1-1,,財団地下施設,
,,,
Daiya.Fallen1-2,,那由多とエレナに敗北したダイヤは四肢を転送され、機械に接続されていた。,
,,,
Daiya.Fallen1-3,,バチバチバチッ！！,
,,,
Daiya.Fallen1-4,ダイヤ,「ぐうっ…ッ！はあっ…はあっ…ぐうっ…！？」,
,,,
Daiya.Fallen1-5,,ダイヤは頭に電流を流され、全身に注射や光線を放たれながら改造される。,
,,,
Daiya.Fallen1-6,ダイヤ,(っ…頭に電流が…ッ…思考がまとまらないッ……！！),
,,,
Daiya.Fallen1-7,,(それに……下腹部が……焼けるようだっ……！),
,,,
Daiya.Fallen1-8,,(手足も…全く感覚が無い……動かせない……っ…),
,,,
Daiya.Fallen1-9,,(それでもっ、私は…彼女がやり遂げるまで…屈するわけにはいかないっ……この程度の責め苦など…私は耐えきって見せるッ！),
,,,
Daiya.Fallen1-10,那由多,「ふふっ、素敵な恰好ですねダイヤさん。指一本動かせない気分はどうですか？」,
,,,
Daiya.Fallen1-11,ダイヤ,「はあっ、はあっ、悪に下った財団の犬が…私に話しかけるなっ…ッ！」,
,,,
Daiya.Fallen1-12,,「私はっ…四肢を奪われようとッ…貴様のような卑劣な輩には屈しない！」,
,,,
Daiya.Fallen1-13,那由多,「ふふふっ、この状況で強がれるのは流石ダイヤさんですねぇ？並の聖核戦姫なら泣き喚く所ですよ？」,
,,,
Daiya.Fallen1-14,,「まあ、残念ながら貴女がこの状況を打開できる術は万に一つも無いのですが…」,
,,,
Daiya.Fallen1-15,ダイヤ,「例え私が今、何もできなくとも、それが諦める理由にはならないっ…私が貴様のように悪に堕ちることは無いっ…！」,
,,,
Daiya.Fallen1-16,,「いくら体と頭をもてあそばれようと…私は最後まで聖核戦姫だ…っ！」,
,,,
Daiya.Fallen1-17,那由多,「その高潔な精神…素晴らしいです…！しかし貴女はちょっと勘違いしていますね。」,
,,,
Daiya.Fallen1-18,,「今更あなた程度の聖核戦姫を戦力にしたところで意味が無いですから。あなたはいわば…プレゼントですね。」,
,,,
Daiya.Fallen1-19,ダイヤ,「ぐっ…ぷ、プレゼントッ…？」,
,,,
Daiya.Fallen1-20,那由多,「貴女は私のご主人様への愛玩ペットとしてプレゼントになるんですよ…♥そうすれば私もご主人様に褒めてもらえます…♥」,
,,,
Daiya.Fallen1-21,ダイヤ,「なっ…き、貴様何を言っている…！？」,
,,,
Daiya.Fallen1-22,那由多,「ですから…貴女は高潔な精神のまま体をご主人様専用のオナホに改造されるんです♥」,
,,,
Daiya.Fallen1-23,,「普通の聖核戦姫ではオナホになる前に壊れてしまうので…現状私しかあの方の相手が出来ないのです。」,
,,,
Daiya.Fallen1-24,,「でもそれではご主人様が可哀そうですから…無駄に硬いあなたならご主人様のおちんぽにも耐えられるかもしれません。」,
,,,
Daiya.Fallen1-25,ダイヤ,「ふざっ…けるなぁ！！怪人なんぞの慰み者になってたまるかっ！！？」,
,,,
Daiya.Fallen1-26,那由多,「ご主人様に向かって“怪人なんぞ”…とは。改造中でなければ首を撥ねる所でしたよ？」,
,Daiya story DLC 1-3,,
Daiya.Fallen1-27,ダイヤ,「…ッ！そうなるくらいなら舌を噛み切って――――ングッ？！」,
,,,
Daiya.Fallen1-28,,口にチューブが突っ込まれ、ダイヤはついに喋る自由すら失ってしまう。,
,,,
Daiya.Fallen1-29,那由多,「死んでもらっては困りますので……改造を進めていきましょうか。」,
,,,
Daiya.Fallen1-30,,「次は体内洗浄ですね…汚いままご主人様にお出しするわけにはいかないので」,
,,,
Daiya.Fallen1-31,ダイヤ,「むぐっ！？んんっ？？？」,
,,,
Daiya.Fallen1-32,,ダイヤは口から無理やり液体を流し込まれ、消化器官が満たされていく.,
,,,
Daiya.Fallen1-33,那由多,「流石のあなたでも体内は鍛えられないですからね……おっともうお尻から出てきました！」,
,,,
Daiya.Fallen1-34,ダイヤ,「むぐっ！？ん゛ん゛～～～～♥！？！？」,
,,,
Daiya.Fallen1-35,,(な、なんだっ……この甘い液体はっ…無理やり喉の奥に入っていく……っ！？),
,,,
Daiya.Fallen1-36,,(ん゛ん～～～～～！？腸を通って……腹の中に……無理やりっ……！？),
,,,
Daiya.Fallen1-37,那由多,「ふふふっ、媚薬入りの体内改造薬ですよ。貴女を体の中から淫乱に作り変えちゃうらしいですね？」,
,,,
Daiya.Fallen1-38,ダイヤ,「む゛ふッッ！？ん゛ん゛んんッッ～～～～ッ♥」,
,,,
Daiya.Fallen1-39,,(喉がッ、お腹がッ…焼けるッ……！！お尻の穴もッ……くそおおっ！！),
,,,
Daiya.Fallen1-40,那由多,「あらあら…辛いですね…？でも頑張ってくださいね。ご主人様のオナホになるために必要なことですから♥」,
,,,
Daiya.Fallen1-41,,「ああ、そうでした……並行しておまんこもしっかりオナホ穴に改造しないといけませんね。」,
,,,
Daiya.Fallen1-42,,そして那由多はダイヤの下腹部を覆っている機械の出力を上げる。,
,,,
Daiya.Fallen1-43,,キュイイイイイイイイインンッッッ！！！,
,,,
Daiya.Fallen1-44,ダイヤ,「む゛ふ゛ッ！？！？ん゛ん゛ん゛ん゛ん゛ん゛！！」,
,,,
Daiya.Fallen1-45,,ダイヤの下腹部から子宮にかけて焼けるような快楽が走り、ダイヤは声にならない叫び声をあげる。,
,,,
Daiya.Fallen1-46,,(！！！な…んだっ……これはあっ♥……股が……熱いっ……やめろっ……♥！？),
,,,
Daiya.Fallen1-47,那由多,「これは特製のおまんこ改造装置です。いくら貴女でもご主人様のおチンポをそのまま入れたらすぐにガバガバになってしまいそうですから。」,
,,,
Daiya.Fallen1-48,,「でも…この装置なら処女のままおまんこを鍛えられるんです！せっかくのプレゼントを機械で傷物にするわけにはいきませんからね。」,
,,,
Daiya.Fallen1-49,ダイヤ,「ん゛ん゛ん゛ん゛ん゛ん゛ッッッ！！！！」,
,,,
Daiya.Fallen1-50,,(ん゛あっ♥……おまんこがっ！……熱いッ…ううっ♥！！),
,,,
Daiya.Fallen1-51,,(くそおおおっ！ん゛ああっ♥…こんなことがっ！！！んあっ♥！？),
,,,
Daiya.Fallen1-52,那由多,「あ、一応ですが、やめて欲しくても改造が終わるまでそのままですよ。まあまさかダイヤさんが敵に許しを請いませんよね？」,
,,,
Daiya.Fallen1-53,ダイヤ,「ん゛ん゛ん゛っ！！！ああいあえあっ！！」,
,,,
Daiya.Fallen1-54,那由多,「ふふっ…では私はこれで失礼します。いいオナホになれるように頑張りましょうね♥」,
,,,
Daiya.Fallen1-55,ダイヤ,「ん゛ん゛ん゛ん゛ん゛ん゛っ♥♥！！！」,
,,,
Daiya.Fallen1-56,,(はあっ♥、はあっ♥、わたし…はっ…負けんっ……！こんな……ふざけた機械などに…っ♥！),
,,,
Daiya.Fallen1-57,,そしてダイヤは全く抵抗できないまま、その体は順調に改造されていくのだった。,
,,,
,,,
,,,
,,,
,,,
,,,
,,,
,,,
,,,
,,,
Daiya Fallen Scene　２,注釈,闇堕ちシーン,闇堕ちシーン
,,,
Daiya.Fallen2-1,Daiya story DLC 1-3,――――ダイヤへの調教が始まってから数日,
,,,
Daiya.Fallen2-2,ダイヤ,「ん゛お゛っ…♥お゛おおっ……♥♥……ゲえッ…♥」,
,,,
Daiya.Fallen2-3,那由多,「お久しぶりですダイヤさん、気分はどうですか？」,
,,,
Daiya.Fallen2-4,,「ふむ…改造進行度99％、ご主人さまのペニスを受け入れても大丈夫なおまんこになりましたね。」,
,Daiya story DLC 1-１,,
,,,
Daiya.Fallen2-5,ダイヤ,「カポッ……♥、んあっ！？♥……はあっ♥！……はあっ♥！」,
,,,
Daiya.Fallen2-6,,「ん゛あ゛っ♥わ、私はっ…負けて…ないっ♥…！ん゛っ♥」,
,,,
Daiya.Fallen2-7,,「いくら貴様らに……体を改造されようとも…っ♥！私は…聖核戦姫…だっ♥！」,
,,,
Daiya.Fallen2-8,,ダイヤは全身を強烈な性感に犯されながらも強靭な精神力で意識を保ち続けていた。,
,,,
Daiya.Fallen2-9,那由多,「あはははっ♥、その精神…素晴らしいですっ！完全に想定していた通りの仕上がりですっ！」,
,,,
Daiya.Fallen2-10,,「ご主人様も喜んでくれるでしょう…さあ、そろそろお披露目の時間です…！」,
,,,
,暗転,,
,,,
Daiya.Fallen2-11,Daiya darkness 1-1,ダイヤは手足に持ち手を付けられ、巨大な怪人によって持ち上げられていた。,
,,,
Daiya.Fallen2-12,ダイヤ,「ひあっ……は、離せっ！！」,
,,,
Daiya.Fallen2-13,那由多,「どうですかご主人様？これが私が丹精込めて作った聖核戦姫オナホです♥」,
,,,
Daiya.Fallen2-14,,「強めの聖核戦姫で作ったのでぇ……ご主人様にも満足していただけるかと…♥」,
,,,
Daiya.Fallen2-15,怪人,「ふむ…この筋肉の付き具合…確かに並の聖核戦姫ではないようだな。」,
,Daiya  darkness 1-2,,
Daiya.Fallen2-16,ダイヤ,「ひっ…き、貴様っ……！」,
,,,
Daiya.Fallen2-17,,ダイヤは目の前にある怪人の巨大なペニスを見て生物的な恐怖を感じる,
,,,
Daiya.Fallen2-18,,(こ…この怪人…、なんてオーラなんだ…！？),
,,,
Daiya.Fallen2-19,,(私が討伐してきた怪人なんて比べ物にならないっ…財団はいつからこんな強力な怪人を……！？),
,,,
Daiya.Fallen2-20,,(怪人となった清藤エレナより……いや、下手をすれば那由多よりも強い……！？),
,,,
Daiya.Fallen2-21,怪人,「グフフッ、どうした？急に静かになりおって…もう心が折れたのか？」,
,,,
Daiya.Fallen2-22,ダイヤ,「っ……！そんなわけっ……私はっ……最強の聖核戦姫なんだっ！」,
,,,
Daiya.Fallen2-23,,(はあっ、はあっ、……しかし……これが怪人の…ぺ、ペニス…！？),
,,,
Daiya.Fallen2-24,,(冗談じゃないっ…！こんな大きいの入るわけが…っ！！),
,Daiya darkness 1-3,,
Daiya.Fallen2-25,ダイヤ,「っ、怪人！汚いぞっ！せめて手足が付いている状態ならっ…！」,
,,,
Daiya.Fallen2-26,,「せ、正々堂々と戦えっ！そうすれば貴様など…ッ！」,
,,,
Daiya.Fallen2-27,那由多,「おやおや？オナホが何か言ってますね？」,
,,,
Daiya.Fallen2-28,ダイヤ,「はあっ…はあっ…、ど、どんなに体を改造されても…私は戦士だっ！」,
,,,
Daiya.Fallen2-29,,「こんな怪人のちんぽに屈することなど…ッ！！」,
,,,
Daiya.Fallen2-30,那由多,「おやおや？しかしあなたのおまんこは戦士では無いようですが？」,
,,,
Daiya.Fallen2-31,ダイヤ,「……な…っ！？」,
,,,
Daiya.Fallen2-32,,ダイヤの秘所からは既に愛液がだらだらと流れ、怪人のチンポを濡らしている,
,,,
Daiya.Fallen2-33,那由多,「ふふっ、始まる前からこれとは…優秀なオナホちゃんですね♥」,
,,,
Daiya.Fallen2-34,ダイヤ,「はっ…ち、違う、これはっ…！」,
,,,
Daiya.Fallen2-35,怪人,「はははっ、面白いことを言うメスだ、まだ戦う意志があるとはな！」,
,,,
Daiya.Fallen2-36,,そして怪人はチンポでダイヤの谷間をベチベチと叩く.,
,Daiya darkness 1-2,,
Daiya.Fallen2-37,ダイヤ,「やあっ♥！？…ひいっ！？」,
,,,
Daiya.Fallen2-38,怪人,「いいだろう…貴様がイカずに先に私を射精させられれば、手足を返し聖核戦姫として戦ってやる。」,
,,,
Daiya.Fallen2-39,,「しかし負けた暁には…私の好きにさせてもらおうか。」,
,,,
Daiya.Fallen2-40,ダイヤ,(ぐうっ……コイツの慰み者になるのはっ……避けられないかっ………！),
,,,
Daiya.Fallen2-41,,(それならっ……覚悟を決めるしかないっ……私は……勝たなければいけないのだからっ…！),
,,,
Daiya.Fallen2-42,ダイヤ,「はっ♥、はっ♥、ぐっ…そんなの……望むところ…だっ！」,
,,,
Daiya.Fallen2-43,,「私はっ…最強の聖核戦姫だっ！こんな……チンポなんかに…負けないっ！」,
,,,
Daiya.Fallen2-44,,ダイヤは震えを噛み殺しながら虚勢を張り怪人に宣言する。,
,,,
Daiya.Fallen2-45,,(そうだっ、何を弱気になっている…いくら強い怪人だろうと…私は戦うだけだっ！),
,,,
Daiya.Fallen2-46,ダイヤ,「こんなチンポに…チンポなんかに――――」,
,,,
Daiya.Fallen2-47,Daiya darkness 1-4,ズボッッ、ドチュンッッ！！,
,,,
Daiya.Fallen2-48,ダイヤ,「ひっぎゅうううううっっ！！？！？！」,
,,,
Daiya.Fallen2-49,,怪人がダイヤを下ろし、怪人チンポがダイヤへ挿入される,
,,,
Daiya.Fallen2-50,,「お゛っお゛お゛お゛お゛お゛お゛っっっ！？」,
,,,
Daiya.Fallen2-51,,プシッ♥、プシュウウウウウッッ♥,
,,,
Daiya.Fallen2-52,,「お゛おっ、ひっ♥、お゛っ♥、お゛っ！？」,
,,,
Daiya.Fallen2-53,那由多,「おやおや…ダイヤちゃんおちんぽ一撃即イキで潮吹いちゃってますね？残念ながら早速ダイヤちゃんの負けです。」,
,Daiya darkness 1-6,,
Daiya.Fallen2-54,ダイヤ,「お゛お゛っ、ま、まけてにゃいっ♥！」,
,,,
Daiya.Fallen2-55,,「わたしはっ、このていどでっ♥、まけないいいぃッ！！」,
,,,
Daiya.Fallen2-56,那由多,「まあ……おちんぽに串刺しで無様に潮を吹きながらよくそんなことが言えますね。」,
,,,
Daiya.Fallen2-57,,「だそうですので…ご主人様、もっとそのおちんぽ様で分からせてあげてください♥」,
,,,
Daiya.Fallen2-58,怪人,「ああ、もちろんだ。」,
,,,
Daiya.Fallen2-59,ダイヤ,「はあっはあっ、ひいっ…ま、まって――――」,
,,,
Daiya.Fallen2-60,Daiya darkness 1-5,ズチュッ！！ズチュッ！！ズチュッ！！,
,,,
Daiya.Fallen2-61,ダイヤ,「ほお゛っ！？お゛おっ♥、ほお゛ほっ！？！！」,
,,,
Daiya.Fallen2-62,,膣内を怪人の巨大で熱した鉄のようなペニスが上下し、一突きごとにダイヤの意識を削っていく,
,,,
Daiya.Fallen2-63,,「お゛おっ♥、ま、っ♥、まってえっ♥、そんなっ♥…いぎゅうっ♥！？」,
,,,
Daiya.Fallen2-64,那由多,「あははっ、ダイヤちゃんのかっこよかった腹筋…おちんぽの形に浮き出ちゃってますね！」,
,,,
Daiya.Fallen2-65,,「イキ潮も止まりませんね。一体さっきから何回絶頂しているのでしょうか？」,
,Daiya darkness 1-7,,
Daiya.Fallen2-66,ダイヤ,「ひぎゅうっ！！ま、まけてないぃ♥！！こんなチンポなんかにっ♥、けどっ、や、やめろぉ♥♥！！」,
,,,
Daiya.Fallen2-67,,ジュポンッ！ドチュッ！ドチュッ！！,
,,,
Daiya.Fallen2-68,那由多,「無駄ですよ？あなたの体はもうオナホなんですから。じきにおちんぽの事しか考えられなくなりますので。」,
,,,
Daiya.Fallen2-69,ダイヤ,「ちっ、ちがうううっ♥♥！わたしはっ…！聖核戦姫っ♥！こんなチンポのオナホなんかにっ♥ならないっ♥！」,
,,,
Daiya.Fallen2-70,,「さ、ご主人様、頭の悪いダイヤちゃんがちゃんと自分をオナホだと認めるまで躾けちゃってください！」,
,,,
Daiya.Fallen2-71,怪人,「うむ。」,
,,,
Daiya.Fallen2-72,ダイヤ,「や、ひあっ、や、やめろぉ！！」,
,,,
Daiya.Fallen2-73,Daiya darkness 1-5,ドチュンッッ、ズボッッ！！ズボッ！！,
,,,
Daiya.Fallen2-74,,「ほお゛っ！？お゛おっ♥、ほお゛ほっ～～～～♥♥！？！！」,
,,,
Daiya.Fallen2-75,,「う゛うああっ！！、わたしはっ、まけないいっ♥！！」,
,,,
Daiya.Fallen2-76,,「こんな怪人のおちんぽなんかにっ！わたしはっ♥、くっしないっ～～♥！！！」,
,,,
Daiya.Fallen2-77,那由多,「いいえ、残念ですが聖核戦姫としてのあなたはここで終わりです。」,
,,,
Daiya.Fallen2-78,,ズチュッ！！ズチュッ！！ズチュッ！！ドチュッ！,
,,,
Daiya.Fallen2-79,ダイヤ,「くそおっ！！、そんなわけがっ！！、私は怪人のオナホなんかにはっ！！なりたくないっ♥♥！！」,
,,,
Daiya.Fallen2-80,那由多,「いいえ、貴女の負けですよ？今あなたが生かされてるのもご主人様のおちんぽに奉仕するため…それ以外の価値はありません。」,
,,,
Daiya.Fallen2-81,,「あなたがこれまで苦労して鍛えてきたのも、聖核戦姫として戦ってきたのも、全ては締りの良いオナホになるためだったんですね。」,
,,,
Daiya.Fallen2-82,ダイヤ,「や、やだあっ！！私はっ…そんなことのためにっ！戦ってきたんじゃない！！」,
,,,
Daiya.Fallen2-83,那由多,「ふふっ、ですが四肢を取られ無様に喘ぐ今のあなたはそれにしか見えませんよ。」,
,,,
Daiya.Fallen2-84,ダイヤ,「お゛っ♥！お゛っ♥！お゛お゛っ♥！くしょおっ！！」,
,,,
Daiya.Fallen2-85,Daiya darkness 1-7,(ぐうううっ♥、おちんぽに体の奥までずぼずぼされてっ♥、意識が持たないっ…♥！！),
,,,
Daiya.Fallen2-86,,(私がっ♥、こんな所で終わるわけが…っ♥！！ヒスイがっ…やり遂げるまではっ…♥！),
,,,
Daiya.Fallen2-87,Daiya darkness 1-5,ドチュンッッ、ズボッッ！！ズボッ！！ドチュッ！！,
,,,
Daiya.Fallen2-88,,「お゛おっ、ひっ♥、お゛っ♥、お゛っ♥」,
,,,
Daiya.Fallen2-89,,いくら抵抗しようとしても、怪人によって軽々と扱われるダイヤにはもはやなすすべがない,
,,,
Daiya.Fallen2-90,ダイヤ,「へひっ♥、お゛っ♥、お゛っ♥、お゛おっ♥」,
,,,
Daiya.Fallen2-91,ダイヤ,「う゛うっ、私はっ…まけ…な…ひぎゅっ！？」,
,,,
Daiya.Fallen2-92,Daiya darkness 1-7,怪人が動きをとめ、ダイヤを一番深い位置で固定する,
,,,
Daiya.Fallen2-93,ダイヤ,「ひあっ！？な、何をする気だあっ――――？！」,
,,,
Daiya.Fallen2-94,Daiya darkness 1-8,その瞬間怪人のチンポの先端からダイヤの子宮の奥へと熱い精液の奔流が放たれた,
,,,
Daiya.Fallen2-95,,ドクッ！ドビュルルルルルッル！！,
,,,
Daiya.Fallen2-96,ダイヤ,「お゛おっ♥！？お゛ほお゛お゛お゛お゛ッッッッ！！！？」,
,,,
Daiya.Fallen2-97,,子宮を潰されながら精液を子宮に流し込まれ、ダイヤは悲鳴にならない悲鳴を上げる,
,,,
Daiya.Fallen2-98,,ドクドクドクッ！！ブシュウウウウウッ！！！,
,,,
Daiya.Fallen2-99,ダイヤ,「お゛おっ♥♥！？！？…お゛おおっ♥♥！！」,
,,,
Daiya.Fallen2-100,,「おちんぽからっ♥♥、あついのでてるううっ～～～♥！？」,
,,,
Daiya.Fallen2-101,,逆流した精液が結合部からあふれ出る,
,,,
Daiya.Fallen2-102,ダイヤ,「お゛っ♥、うお゛っ♥、お゛おっ！？おおおっ♥！？」,
,,,
Daiya.Fallen2-103,,「ひぎっ、お゛っ♥なにっ♥、これっ♥♥…せいえきっ♥♥………子宮にっ…んおおおっ～～♥♥！？」,
,,,
Daiya.Fallen2-104,,ドクッ……ドクッ……,
,,,
Daiya.Fallen2-105,那由多,「ふふっ…凄いでしょダイヤさん♥ご主人様のおちんぽは。」,
,,,
Daiya.Fallen2-106,ダイヤ,「ひぎっ…うっ……うるさい…っ！！」,
,,,
Daiya.Fallen2-107,,ズルズルッ……ギュポッ…！！,
,,,
Daiya.Fallen2-108,Daiya darknenss 1-9,「ほ゛おおおっ♥！？お゛おお～～～～♥！？」,
,,,
Daiya.Fallen2-109,,ダイヤの秘所から怪人のペニスがずるずると引き抜かれ、ダイヤに放たれた精液がぼとぼとと零れ落ちる,
,,,
Daiya.Fallen2-110,ダイヤ,「ひああっ♥♥…おまんこがっ…閉じれない…いぃ…♥♥！？」,
,,,
Daiya.Fallen2-111,,「偉いですよダイヤさん！弱い聖核戦姫と違ってしっかりご主人様が射精するまで壊れませんでした！私の見立ては間違ってなかったですね！」,
,,,
Daiya.Fallen2-112,,「ふふっ♥、これからご主人様に沢山可愛がってもらって立派なオナホになりましょうね♥」,
,,,
Daiya.Fallen2-113,ダイヤ,「はあっ♥、はあっ♥、お゛おっ♥だ、だれが……オナホなんかにぃ…♥！」,
,,,
Daiya.Fallen2-114,那由多,「おやおや、これは驚きました！まさかまだ反抗心が残っているとは…！」,
,,,
Daiya.Fallen2-115,ダイヤ,「私はっ……この…程度でっ…まけは…しないっ♥！」,
,,,
Daiya.Fallen2-116,,「私は…オナホなんかに…ならない…っ♥！」,
,,,
Daiya.Fallen2-117,那由多,「ふふっ、大丈夫ですよ。ご主人様は絶倫ですから♥貴女が堕ちるまで何度でも相手してくれます♥」,
,,,
Daiya.Fallen2-118,怪人,「ああっ…まだ始まったばかりだ、せいぜい楽しませろ」,
,,,
Daiya.Fallen2-119,,そして怪人は精液のついたチンポをダイヤのマンコにぺちぺちと叩きつける,
,,,
Daiya.Fallen2-120,,「ひっ、ひいっ！？そんなっ…！？まだ…こんな………♥」,
,,,
Daiya.Fallen2-121,ダイヤ,「や、やだ…っ！……ヒスイっ…た、助けにきてえっ！！早くっ！」,
,,,
Daiya.Fallen2-122,那由多,「ふふっ、遠慮しないで…私が勝てなかったのに貴女がご主人様に勝てるわけが無いんですから…♥」,
,,,
Daiya.Fallen2-123,,「さあ、一緒にご主人様にご奉仕しましょう…♥大丈夫、すぐに大好きになりますから…♥」,
,,,
Daiya.Fallen2-124,ダイヤ,「―――――――っ！」,
,,,
Daiya.Fallen2-125,,そしてその日、ダイヤは10回以上怪人に使われ、ダイヤの心は確実に砕かれていくのだった,
,,,
Daiya.Fallen2-126,,――――――――,
,,,
Daiya.Fallen2-127,,――――,
,,,
Daiya.Fallen2-128,,ー,
,,,
,,,
,,,
Daiya Fallen Scene 3,注釈,闇堕ちシーン,闇堕ちシーン
,,,
Daiya.Fallen3-1,,ダイヤが怪人のオナホになってからしばらくして,
,Daiya darkness 2-1,,
Daiya.Fallen3-2,那由多,「さてダイヤちゃん？今日のおまんこの時間ですよ。」,
,,,
Daiya.Fallen3-3,ダイヤ,「えへっ♥、えへっ♥、わんっ♥、わんっ♥」,
,,,
Daiya.Fallen3-4,,ダイヤは四肢を犬のような義足に取り替えられ、怪人によって抱えられていた,
,,,
Daiya.Fallen3-5,那由多,「うふふ、マン汁垂らしながら腰をヘコヘコさせて…ご主人様の所有物として100点ですね。」,
,,,
Daiya.Fallen3-6,,「新しくつけてもらった手足はどうですか？」,
,,,
Daiya.Fallen3-7,ダイヤ,「え、えへへっ♥、こ、こっちの脚の方が好きですっ…♥」,
,,,
Daiya.Fallen3-8,,「えへっ♥、えへっ♥、ご主人様に媚びるためだけの手足…♥、弱くて情けない私にぴったりですぅ♥」,
,,,
Daiya.Fallen3-9,那由多,「ふふっ、毎日ご主人様にしつけられてすっかり従順になりましたね…聖核戦姫の誇りとかプライドとか言ってたのが嘘みたいです。」,
,,,
Daiya.Fallen3-10,ダイヤ,「わんっ♥、那由多様ぁ…私が間違っていましたっ♥」,
,,,
Daiya.Fallen3-11,,「毎日ご主人様のおチンポで格の違いを思い知らされてっ♥、調教されて…」,
,,,
Daiya.Fallen3-12,,「私は心の底からご主人様のオナホ犬になっちゃいましたっ♥」,
,,,
Daiya.Fallen3-13,那由多,「ふふふっ、散々私の事を“財団の犬”とか言ってましたが…ダイヤさんは本当の犬になっちゃいましたね。」,
,,,
Daiya.Fallen3-14,ダイヤ,「へっ♥、へっ♥、そうですっ♥、私は従順な犬ですっ♥、犬が調子に乗って申し訳ございませんでしたっ♥」,
,,,
Daiya.Fallen3-15,那由多,「ふふっ、別にいいんですよ…それより今は私達のご主人様にご奉仕する時間ですよ？」,
,,,
Daiya.Fallen3-16,ダイヤ,「わんっ♥、へっ♥、へっ♥、ご主人様っ♥」,
,,,
Daiya.Fallen3-17,,「今からおチンポでずぼずぼされるのが待ちきれなくて…こんなに期待汁出しちゃってますぅ♥」,
,,,
Daiya.Fallen3-18,,「今日もダイヤ、おまんこでご主人様に沢山ご奉仕しますのでっ♥、はやくオナホまんこにおチンポくらさいっ♥」,
,,,
Daiya.Fallen3-19,怪人,「グフフッ、ずいぶんとおねだりが上手になったものだな。」,
,,,
Daiya.Fallen3-20,那由多,「ええ、こんなにおまんこヘコヘコさせて…ご主人様、このわんちゃんを可愛がってあげてください♥」,
,,,
Daiya.Fallen3-21,怪人,「ああ、もちろんだっ！」,
,,,
Daiya.Fallen3-22,Daiya darkness 2-2,ズチュッ！！ドチュンッッ！！！ズボオオオッ！！,
,,,
Daiya.Fallen3-23,ダイヤ,「みぎゃっ♥！！？お゛お゛お゛お゛お゛っっっ♥！？！？」,
,,,
Daiya.Fallen3-24,,「お゛っ♥お゛っ♥お゛ちんぽっ♥、まけっ♥、まけましたあぁっ♥！！」,
,,,
Daiya.Fallen3-25,那由多,「ふふっ♥、勝負をしているわけでもないのに…一体何に負けたんですか？」,
,Daiya darkness 2-3,,
Daiya.Fallen3-26,ダイヤ,「おちんぽにっ♥、ダイヤのおまんこ負けましたっ♥、完全敗北ですっ♥！！」,
,,,
Daiya.Fallen3-27,那由多,「やれやれ、この駄犬は負け癖がついちゃって…すぐに負けた負けた言うので困りますね。」,
,,,
Daiya.Fallen3-28,ダイヤ,「お゛゛っ♥、だってぇっ♥、こんなおチンポに勝てるわけが無いっ♥、雑魚マンコ即イキで敗北してますっ♥」,
,,,
Daiya.Fallen3-29,,そしてダイヤはちんちんのポーズのまま怪人によって体を使われる,
,,,
Daiya.Fallen3-30,Daiya darkness 2-2,ズボッ！！ズボッ！！ズボッ！！,
,,,
Daiya.Fallen3-31,ダイヤ,「お゛゛っ♥、お゛っ♥、ご主人様のおチンポっ♥、一突きごとに子宮つぶされてぇ♥！！、イクッ♥！」,
,,,
Daiya.Fallen3-32,,「ご主人様、腕の筋肉もおチンポも強すぎてぇ…♥、負けるっ♥、負けますううっ♥！」,
,,,
Daiya.Fallen3-33,,ズボッ！！ズボッ！！ズボッ！！,
,,,
Daiya.Fallen3-34,ダイヤ,「お゛お゛っ♥、お゛ひっ♥、お゛おっ♥、お゛お゛っ♥」,
,,,
Daiya.Fallen3-35,那由多,「ふふっ、おチンポの上でぴょんぴょんしてて可愛いですね♥」,
,,,
Daiya.Fallen3-36,,「ですがご主人様におまんこでご奉仕することも忘れないでくださいね？」,
,,,
Daiya.Fallen3-37,ダイヤ,「お゛っ♥、し、しめますっ♥、おまんこきゅーってしてっ♥、ご主人様にごほうししますっ♥！！」,
,,,
Daiya.Fallen3-38,怪人,「ハハハッ、健気で良い事だ…ッ！」,
,,,
Daiya.Fallen3-39,ダイヤ,「はひいっ♥、あ、ありがとうございますっ♥、雑魚まんこですか存分にお使いくださいぃいいっ♥！」,
,,,
Daiya.Fallen3-40,,ズボッ！！ズボッ！！ドチュッン！！,
,,,
Daiya.Fallen3-41,ダイヤ,「お゛っ♥お゛っ♥お゛っ♥？！！」,
,,,
Daiya.Fallen3-42,Daiya darkness 2-3,「ご主人様のおちんちんっ♥、びくびくしてますっ♥！」,
,,,
Daiya.Fallen3-43,,「あっ♥、射精くるっ♥、腕で一番深いとことににおチンポ固定されてっ…♥、出されちゃうっ…♥」,
,,,
Daiya.Fallen3-44,Daiya darkness 2-4,ドクッ！ドクッ！！ドビュルルルルルッル！！,
,,,
Daiya.Fallen3-45,,「お゛おっ♥お゛っ♥せいえきっ…♥、奥に出てますうううぅっ♥♥！！！」,
,,,
Daiya.Fallen3-46,Daiya darkness 2-5,「お゛っ♥、凄いっ♥、せいえきでっ、おなかのなかみたされるっ～～♥！」,
,,,
Daiya.Fallen3-47,,ドクドクドクッ！！ブシュウウウウウッ！！！,
,,,
Daiya.Fallen3-48,那由多,「ふふっ♥、ご主人様の射精量は流石ですね…♥」,
,,,
Daiya.Fallen3-49,ダイヤ,「はひっ♥、凄いですっ♥、お腹のなかいっぱいにされてっ♥、屈伏しちゃいますっ♥」,
,,,
Daiya.Fallen3-50,Daiya darkness 2-6,ズルズルッ……ドパッ……,
,,,
Daiya.Fallen3-51,ダイヤ,「お゛っ♥、お゛お゛～～～っ♥、お゛っ♥」,
,,,
Daiya.Fallen3-52,,チンポが引き抜かれダイヤの気が緩んだ瞬間――――,
,,,
Daiya.Fallen3-53,Daiya darkness 2-7,プシュウウウウウッ――――,
,,,
Daiya.Fallen3-54,ダイヤ,「お゛っ♥こ、これは、ちがっ…♥」,
,,,
Daiya.Fallen3-55,,緊張を失ったダイヤの股から黄色の液体が放たれる,
,,,
Daiya.Fallen3-56,那由多,「あっ、こらっ！ご主人様のおチンポは電柱じゃないんですよ！本当に我慢のできない駄犬ですねっ！」,
,,,
Daiya.Fallen3-57,ダイヤ,「ごっ、ごめんなさいっ♥、で、でも止まらなくてっ♥」,
,,,
Daiya.Fallen3-58,那由多,「全く…舐めて掃除するのは私なのですから汚さないで欲しいですね…」,
,,,
Daiya.Fallen3-59,ダイヤ,「あっ♥、じゃ、じゃあ私も舐めるのでっ♥、那由多様も一緒に…♥」,
,,,
Daiya.Fallen3-60,那由多,「…ふう、まあいいでしょう。どちらもご主人様の性奴隷であることには変わりませんからね…」,
,,,
Daiya.Fallen3-61,ダイヤ,「えへっ♥、は、はひっ♥楽しみですッ♥」,
,,,
Daiya.Fallen3-62,,ダイヤのマスクの裏には既に昔の凛とした表情は微塵もなく、ただ強者へこびへつらう笑みが浮かぶ,
,,,
Daiya.Fallen3-63,ダイヤ,「へっ♥、へっ♥、弱くて哀れな私ですがっ♥、ご主人様の愛玩犬になれてっ…幸せですぅ…♥」,
,,,
Daiya.Fallen3-64,,――――――――,
,,,
Daiya.Fallen3-65,,――――,
,,,
,,,
,,,
Daiya Debauchery Scene 1,注釈,淫乱化シーン1,闇堕ちシーン
,アジト,,
Daiya.Debauchery1-1,,財団アジトにて,
,,,
Daiya.Debauchery1-2,ダイヤ(犬),「へっ♥、へっ♥、お呼びでしょうかっ♥、那由多さまっ♥！」,
,,,
Daiya.Debauchery1-3,那由多(闇落ち衣装),「ふふっ♥、いい子ですね！無様で哀れなダイヤさん♥」,
,,,
Daiya.Debauchery1-4,,「貴女を呼び出した理由はほかでもありません、今日は私と一緒にご主人様にご奉仕をします。」,
,,,
Daiya.Debauchery1-5,ダイヤ,「へっ♥、わふっ♥、うれしいですっ♥！」,
,,,
Daiya.Debauchery1-6,那由多,「そういう訳で、手足は返してあげます。さあ、一緒にご主人様の所へ行きましょう♥」,
,,,
Daiya.Debauchery1-7,ダイヤ,「わうっ♥、ご主人様っ♥、ご奉仕しますうっ♥！！」,
,,,
,,,
,,,
Daiya.Debauchery1-8,,怪人の寝室にて,
,,,
Daiya.Debauchery1-9,Daiya&Nayuta 1-1,ブタの格好をしたダイヤと那由多が怪人へと奉仕をしていた,
,,,
Daiya.Debauchery1-10,ダイヤ,「んちゅっ♥、れろおっ♥、んっ♥……」,
,,,
Daiya.Debauchery1-11,那由多,「はあっ♥、はあっ♥、ジュルッ♥、れろっ♥…」,
,,,
Daiya.Debauchery1-12,ダイヤ,「はあっ♥、いかがですかっ……ご主人様ぁっ♥」,
,,,
Daiya.Debauchery1-13,那由多,「私達のっ♥…メスブタご奉仕っ♥…どうぞご堪能ください…♥」,
,,,
Daiya.Debauchery1-14,怪人,「グフフッ…！いいぞっメスブタ共！」,
,,,
Daiya.Debauchery1-15,那由多,「ほらダイヤ…これから私達をハメてくださるおちんぽ様何ですからっ…♥もっと入念にきれいにしないと…♥」,
,,,
Daiya.Debauchery1-16,ダイヤ,「はいっ…♥那由多様っ……れろっ♥、れろっ♥、ちゅううっ♥」,
,,,
Daiya.Debauchery1-17,那由多,「ふふふっ♥、おじょうずですよっ♥」,
,,,
Daiya.Debauchery1-18,,「それと……今は私も貴女もご主人様のメスブタです…♥様などつけなくていいですよ♥」,
,,,
Daiya.Debauchery1-19,ダイヤ,「そ、それは…」,
,,,
Daiya.Debauchery1-20,那由多,「ふふっ♥、確かに私の方が貴女より圧倒的に階級が上ですが…ご主人様の前では等しくただの性処理奴隷ですから…♥」,
,,,
Daiya.Debauchery1-21,ダイヤ,「し、しかしっ…私のような犬が那由多様を呼び捨てにするなど…」,
,,,
Daiya.Debauchery1-22,那由多,「そんな事全く気にしないのですが…しかしよく考えたらブタが人間のように名前を名乗るのも失礼ですね…」,
,,,
Daiya.Debauchery1-23,,「ではこうしましょう！私はメスブタ1号で、あなたはメスブタ2号です♥」,
,,,
Daiya.Debauchery1-24,那由多,「これは命令という事でっ…♥さあメスブタ2号ちゃん？ご主人様にご奉仕しますよっ♥」,
,,,
Daiya.Debauchery1-25,ダイヤ,「ぶ、ブヒッ♥メスブタ1号様っ♥！私もご奉仕いたしますっ♥」,
,,,
Daiya.Debauchery1-26,,ちゅるるるっ、ズリッ！ズリッ！,
,,,
Daiya.Debauchery1-27,ダイヤ,「はあっ♥、いかがですかっ…私のおっぱいっ…♥」,
,,,
Daiya.Debauchery1-28,那由多,「ふふっ♥、可愛いですねッ♥、ずいぶんと大きくなったんじゃないですか♥？」,
,,,
Daiya.Debauchery1-29,ダイヤ,「はいっ…♥ご主人様にご奉仕する中でっ♥、こんなに大きくなっちゃいましたぁ♥」,
,,,
Daiya.Debauchery1-30,那由多,「ふふっ♥、偉いですねっ♥、メスブタ2号ちゃん？まあ私もご主人様に可愛がられたおかげでこんなですが…♥」,
,,,
Daiya.Debauchery1-31,ダイヤ,「それなのにっ♥、私達のおっぱいから出てきちゃうご主人様の巨大おちんぽっ♥、かっこよすぎますっ♥」,
,,,
Daiya.Debauchery1-32,那由多,「ブヒッ♥、そうですねっ…♥おちんぽ様の脈動が心臓に届いてっ♥、私もっ♥、勝手に発情してしまいますっ♥」,
,,,
Daiya.Debauchery1-33,,そして二匹のメスブタは怪人のチンポを唾液でまんべんなく濡らしていく,
,,,
Daiya.Debauchery1-34,ダイヤ,「はあっ♥、はあっ♥、ちゅるるるっ♥」,
,,,
Daiya.Debauchery1-35,那由多,「ちゅるっ♥はあっ♥、もう十分に濡れて…大きくなってますっ…♥」,
,,,
Daiya.Debauchery1-36,ダイヤ,「はあっ♥、はあっ♥、ご主人様の…おちんぽっ♥！」,
,,,
Daiya.Debauchery1-37,怪人,「グフフッ…もういいだろうメスブタ共…、順番にハメてやる！」,
,,,
Daiya.Debauchery1-38,ダイヤ,「っ♥ブヒッ！ご主人様ぁ♥！」,
,,,
Daiya.Debauchery1-39,那由多,「はあっ♥、はあっ♥、お願いいたしますうっ♥」,
,,,
,,,
,Daiya&Nayuta 1-2,,
Daiya.Debauchery1-40,ダイヤ,「はあっ♥、はあっ♥、はあっ♥……ゴクッ…♥」,
,,,
Daiya.Debauchery1-41,,「いつもはご主人様に使われるだけでしたがっ♥…今日は私がご奉仕しますうっ♥」,
,,,
Daiya.Debauchery1-42,那由多,「ふふっ♥、メスブタ2号ちゃん、そんなにおちんぽ様に必死になって♥…かわいいですね♥」,
,,,
Daiya.Debauchery1-43,ダイヤ,「ブヒッ♥、ご主人様のおちんぽっ♥、はあっ♥はあっ♥」,
,,,
Daiya.Debauchery1-44,那由多,「ふふっ♥、メスブタ2号ちゃんも我慢できないようですので…♥さ、ご主人様…♥」,
,,,
Daiya.Debauchery1-45,怪人,「グフフッ…いいだろう。挿入を許可してやる」,
,,,
Daiya.Debauchery1-46,ダイヤ,「はあっ♥はあっ♥ブヒッ♥！、おちんぽっ♥、入れさせていただきますっ♥！」,
,,,
Daiya.Debauchery1-47,,「はあっ♥……私のお腹のこんな所までっ……♥」,
,,,
Daiya.Debauchery1-48,,そしてダイヤは腰を上げてチンポに照準を合わせると――――,
,,,
Daiya.Debauchery1-49,ダイヤ,「い、イキますっ♥、ぶひっ！」,
,,,
Daiya.Debauchery1-50,Daiya&Nayuta 1-3,ズップウウウッ！！！！,
,,,
Daiya.Debauchery1-51,ダイヤ,「ブヒッ♥、お゛おおおおおっ♥♥！？」,
,,,
Daiya.Debauchery1-52,Daiya&Nayuta 1-4,「ほ゛おっ♥、ブヒッ、は、入りましたぁッ♥！！」,
,,,
Daiya.Debauchery1-53,,「お゛おっ♥！ほ゛おっ♥、おっ♥…！！」,
,,,
Daiya.Debauchery1-54,那由多,「おやおやメスブタ2号ちゃん…♥まさか入れただけでイッてませんか？」,
,,,
Daiya.Debauchery1-55,ダイヤ,「ひうぅ♥、ブヒッ♥、は、はいっ♥、ご主人様のおちんぽ凄すぎてっ♥…！」,
,,,
Daiya.Debauchery1-56,Daiya&Nayuta 1-5,「申し訳ありませんっ♥、ご主人様あっ♥」,
,,,
Daiya.Debauchery1-57,那由多,「全く…メスブタ2号ちゃんは私の次くらいには強いはずなんですがね…♥まあ、ご主人様のおちんぽの前ではしょうがないですね♥」,
,,,
Daiya.Debauchery1-58,,「まあいつもご主人様に抱っこされてオナホ扱いでしたからね♥でも貴女はそこそこ強いんですから頑張らないと！」,
,,,
Daiya.Debauchery1-59,ダイヤ,「はいっ♥、メスブタ2号っ♥、ご主人様のおちんぽを気持ち良くするためにっ♥、頑張ります！！」,
,,,
Daiya.Debauchery1-60,Daiya&Nayuta 1-6,「ううっ♥、お゛っ♥…お゛おっ♥！」,
,,,
Daiya.Debauchery1-61,,ぱちゅん！ぱちゅん！ぱちゅんっ♥！！,
,,,
Daiya.Debauchery1-62,,「お゛ほおっ♥！お゛おっ♥！い、いかがですかっ…♥！」,
,,,
Daiya.Debauchery1-63,那由多,「ふふっ♥、ヘコヘコするたびにお腹がおちんちんの形に膨らんでますよっ♥♥」,
,,,
Daiya.Debauchery1-64,ダイヤ,「ブヒッ♥、お゛っ♥！お゛っ♥！」,
,,,
Daiya.Debauchery1-65,那由多,「ふふっ♥、メスブタ2号ちゃんはおチンポに必死ですねっ♥…私もっ……」,
,,,
Daiya.Debauchery1-66,Daiya&Nayuta 1-7,そう言うと那由多は怪人の胸に自分の股間をこすりつけ始める,
,,,
Daiya.Debauchery1-67,那由多,「ブヒッ♥、えへへっ♥…メスブタ2号ちゃんが頑張ってるのでっ♥♥メスブタ1号もおうえんしますっ♥！」,
,,,
Daiya.Debauchery1-68,,ぬりっ♥ぬりゅっ♥ぬりゅっ♥！,
,,,
Daiya.Debauchery1-69,那由多,「ああんっ♥ご主人様の厚い胸板っ♥♥、ごつごつしてかっこいいですうっ♥」,
,,,
Daiya.Debauchery1-70,,「あんっ♥、メスブタ1号もっ♥、早くおちんちん欲しくなってきましたっ…♥」,
,,,
Daiya.Debauchery1-71,,「ほらメスブタ2号ちゃん♥、私が待っているんですから早く交代してくださいっ…♥！」,
,,,
Daiya.Debauchery1-72,ダイヤ,「ブヒッ♥、ほ゛おっ♥、お゛おっ♥！ま、まってっ♥、せめてご主人様を射精させてからっ♥！」,
,,,
Daiya.Debauchery1-73,那由多,「ふふっ♥、しょうがないですねっ♥、いいですよっ♥、しっかりおマンコでご奉仕してくださいっ♥」,
,,,
Daiya.Debauchery1-74,ダイヤ,「ほ゛おっ♥、ブヒッ♥、はいっ♥、お゛っ♥！」,
,,,
Daiya.Debauchery1-75,,ぱちゅん！ぱちゅん！ズルルッ♥！！！,
,,,
Daiya.Debauchery1-76,,「ブヒッ♥、ブヒッ♥、お゛おおっ♥！」,
,,,
Daiya.Debauchery1-77,那由多,「ほらメスブタ2号ちゃん、頑張れ頑張れ♥もっとおチンポごしごししましょう♥」,
,,,
Daiya.Debauchery1-78,ダイヤ,「お゛おっ♥！はひっ♥おちんぽ様っ♥」,
,,,
Daiya.Debauchery1-79,,「お゛おっ♥！？おっ、ご主人様っ♥、ちょっと我慢汁出てますうっ♥！？」,
,,,
Daiya.Debauchery1-80,那由多,「偉いですよっ♥♥さあ、最後まで頑張ってご奉仕しましょうっ♥♥」,
,,,
Daiya.Debauchery1-81,ダイヤ,「お゛おっ♥！ほ゛おっ♥、ほ゛おっ♥！」,
,,,
Daiya.Debauchery1-82,,ズボッ！ズボッ！ズボッ！,
,,,
Daiya.Debauchery1-83,ダイヤ,「ブヒッ♥、私はメスブタの雑魚ですがぁっ♥♥ご主人様にはっ♥、全ての力を使ってご奉仕しますうっ♥！！」,
,,,
Daiya.Debauchery1-84,,「お゛おおっ♥！お゛おっ♥！お゛っ♥！」,
,,,
Daiya.Debauchery1-85,,ドクンッ！！,
,,,
Daiya.Debauchery1-86,ダイヤ,「お゛っ♥！今っ♥ちょっと出ましたッ♥ご主人様のおっ♥♥精液」,
,,,
Daiya.Debauchery1-87,,「出してくらさいっ♥♥ご主人様の精液ッ♥ぶひいぃっ♥！」,
,,,
Daiya.Debauchery1-88,Daiya&Nayuta 1-8,ドクドクドクッ！ビュルルルッルルルルルッ！！！,
,,,
Daiya.Debauchery1-89,ダイヤ,「ほ゛おっ♥、お゛おおっ～～～！♥♥！」,
,,,
Daiya.Debauchery1-90,,「ぶひいぃっ～～っ♥♥精液っ♥、出てますっ♥♥！！」,
,,,
Daiya.Debauchery1-91,那由多,「アハハッ♥、メスブタ2号ちゃんの鍛えたお腹が風船みたいですよっ♥♥」,
,,,
Daiya.Debauchery1-92,ダイヤ,「お゛おっ♥！お゛おっ♥！イグッ♥ぶひいぃっっ♥♥！！」,
,,,
Daiya.Debauchery1-93,,ドバッ！！ビュルルルッルッ！,
,,,
Daiya.Debauchery1-94,ダイヤ,「ほ゛おっ♥！？精液っ♥出過ぎっ♥！！」,
,,,
Daiya.Debauchery1-95,,結合部から大量の精液が滝のように逆流する,
,,,
Daiya.Debauchery1-96,那由多,「ああっ♥、そんなにたくさんっ……♥うらやましいですっ♥」,
,,,
Daiya.Debauchery1-97,ダイヤ,「お゛おっ♥！お゛っ～～～♥！」,
,,,
Daiya.Debauchery1-98,,「イきましたっ♥！イクッ！♥、ごしゅじんさまあっ♥！」,
,,,
Daiya.Debauchery1-99,,「ほ゛おっ♥…！ぶひいぃっ！」,
,,,
Daiya.Debauchery1-100,那由多,「ふふっ♥、偉いですっ……♥ブヒッ♥、私もっ…がまんできないですっ♥」,
,,,
Daiya.Debauchery1-101,ダイヤ,「ほ゛おっ～～♥お゛っ♥」,
,,,
Daiya.Debauchery1-102,那由多,「ふふっ♥……さあ、メスブタ2号ちゃん♥ご奉仕はまだ始まったばかりですよ…♥」,
,,,
Daiya.Debauchery1-103,,「ご主人様が満足するまでにはまだ10回は射精させなきゃですから…♥」,
,,,
Daiya.Debauchery1-104,,「さあっ…♥そのために貴女には聖核戦姫の力が残っているのですから…♥二人で満足させるまで頑張りましょう♥」,
,,,
Daiya.Debauchery1-105,ダイヤ,「ブヒッ♥、ぶひいぃっ♥！」,
,,,
Daiya.Debauchery1-106,,「メスブタ2号っ♥♥…ご主人様のペットとしてがんばりますうっ♥！！」,
,,,
Daiya.Debauchery1-107,,――――――――,
,,,
Daiya.Debauchery1-108,,――――,
,,,
Daiya.Debauchery1-109,,ー,
,,,
,,,
Daiya Debauchery Scene 2,注釈,淫乱化シーン2,闇堕ちシーン
,,,
Daiya.Debauchery2-1,,財団アジトー怪人の寝室にて,
,,,
Daiya.Debauchery2-2,Daiya&Nayuta 2ｰ1,ちゅるっ♥♥、じゅるるっ♥、れろおっ♥,
,,,
Daiya.Debauchery2-3,那由多,「はあっ♥ご主人様のおちんぽっ♥ああっ♥」,
,,,
Daiya.Debauchery2-4,ダイヤ,「れろっ♥はあっ♥はあっ♥」,
,,,
Daiya.Debauchery2-5,那由多,「はあっ♥、いかがですかっ…この下級戦闘員スーツっ♥♥」,
,,,
Daiya.Debauchery2-6,ダイヤ,「はあっ♥、はあっ♥、このスーツ…肌にぴったり張り付きますっ……♥」,
,,,
Daiya.Debauchery2-7,怪人,「グフフッ…今日のコスプレは下級戦闘員か」,
,,,
Daiya.Debauchery2-8,那由多,「ふふっ♥、はいっ♥ご主人様の前では私達など塵芥ですから…♥」,
,,,
Daiya.Debauchery2-9,,「最下級戦闘員の戦闘服こそ私達の正装です…っ♥」,
,,,
Daiya.Debauchery2-10,ダイヤ,「はいっ♥…私達にとってご主人様は最上位ですからっ♥…私達は最下級ですっ♥♥」,
,,,
Daiya.Debauchery2-11,,ずりゅっ♥！ずりっ♥♥ずりっ♥♥,
,,,
Daiya.Debauchery2-12,那由多,「はあっ♥、はあっ♥、何でしたっけ…あの下級戦闘員共の無様な鳴き声…♥」,
,,,
Daiya.Debauchery2-13,,「ああ、きぃ？みたいな感じでしたね…♥あのきぃきぃと滑稽で無様な声…♥」,
,,,
Daiya.Debauchery2-14,,「ですが…その無様さをご主人様に晒してこその下級戦闘員です♥」,
,,,
Daiya.Debauchery2-15,,「はあっ♥、キィーーーーーッ♥！！ああっ♥ほら、ダイヤもっ♥」,
,,,
Daiya.Debauchery2-16,ダイヤ,「き、キィーーーッ！！これでよろしいでしょうか…？」,
,,,
Daiya.Debauchery2-17,那由多,「ふふっ♥いい感じです。…そして下級戦闘員に名前などという贅沢なものはいりませんねっ♥」,
,,,
Daiya.Debauchery2-18,,「まあ適当に私は下級戦闘員01号でいいでしょう。貴女は02号ですねっ♥」,
,,,
Daiya.Debauchery2-19,ダイヤ,「キィーーーーッ！！下級戦闘員02号っ♥♥ご主人様にパイズリご奉仕いたしますっ♥♥」,
,,,
Daiya.Debauchery2-20,那由多,「キィーーーーッ！！下級戦闘員01号もっ♥♥ご奉仕させていただきますっ♥♥」,
,,,
,,,
,Daiya&Nayuta 2ｰ2,,
Daiya.Debauchery2-21,ダイヤ,「はあっ♥、はあっ♥、はあっ♥キィーーーーーッ♥！！」,
,,,
Daiya.Debauchery2-22,那由多,「アハハッ♥、下級戦闘員02号ちゃんは我慢できないようですねっ♥♥」,
,,,
Daiya.Debauchery2-23,ダイヤ,「キィーーーッ！！♥、はいっ♥ご主人様ぁっ♥♥02号にっ♥♥、挿入の許可をっ♥♥」,
,,,
Daiya.Debauchery2-24,怪人,「グフフッ、いいだろうっ、02号。奉仕を許可する！」,
,,,
Daiya.Debauchery2-25,ダイヤ,「キィーーーーッ！！ありがとうございますっ♥♥！」,
,,,
Daiya.Debauchery2-26,,「下級戦闘員02号。ご主人様のおチンポハメさせていただきますッ♥！！」,
,,,
Daiya.Debauchery2-27,Daiya&Nayuta 2ｰ3,ズップウウウッ！！,
,,,
Daiya.Debauchery2-28,ダイヤ,「お゛ほおっ♥！き、キィーーーッ！！挿入完了しましたっ♥！」,
,,,
Daiya.Debauchery2-29,,「これよりっ♥、下級戦闘員02号、チンポシコシコスクワットを開始いたしますっ♥♥！」,
,,,
Daiya.Debauchery2-30,那由多,「アハハッ♥、02号ちゃん、役に入りすぎですっ♥♥！」,
,,,
Daiya.Debauchery2-31,ダイヤ,「はあっ♥、はあっ♥、キィーーーーーーッ！！」,
,,,
Daiya.Debauchery2-32,Daiya&Nayuta 2ｰ4,ヘコッ！ヘコッ！ヘコッ！！,
,,,
Daiya.Debauchery2-33,,「ほ゛おっ♥、ほ゛おっ♥、きっ、キィーーーーッ！！」,
,,,
Daiya.Debauchery2-34,那由多,「あははっ♥、本当に無様で馬鹿みたいですっ♥♥まさに下級戦闘員って感じですね！」,
,,,
Daiya.Debauchery2-35,ダイヤ,「お゛おっ♥！下級戦闘員01号様っ♥♥、ありがとうございますっ♥♥！」,
,,,
Daiya.Debauchery2-36,,「キィーーーーッ！！頑張ってっ♥♥ご奉仕しますッ♥！！」,
,,,
Daiya.Debauchery2-37,那由多,「ああそういえば……！これを忘れていましたねっ♥」,
,,,
,,,
,,,
Daiya.Debauchery2-38,Daiya&Nayuta 2ｰ5,下級戦闘員01号によって02号に仮面が付けられる,
,,,
Daiya.Debauchery2-39,ダイヤ,「キィーーーーーーッ！？これはっ♥！」,
,,,
Daiya.Debauchery2-40,那由多,「ふふっ♥、これでお互い完全に下級戦闘員ですねっ♥」,
,,,
Daiya.Debauchery2-41,,「下級戦闘員には個性も不要ですからっ♥♥…ご主人様にご奉仕するだけの肉オナホであればいいのですっ♥♥」,
,,,
Daiya.Debauchery2-42,ダイヤ,「キィーーーーッ！下級戦闘員02号！ご奉仕いたしますっ♥♥！！」,
,,,
Daiya.Debauchery2-43,那由多,「あはっ♥！キィーーーーッ！02号ちゃん…本当に無様で素敵ですっ♥」,
,,,
Daiya.Debauchery2-44,,「さあ…下級戦闘員として上級怪人のご主人様にご奉仕をしましょうっ♥！」,
,,,
Daiya.Debauchery2-45,ダイヤ,「キィーーーーーッ！下級戦闘員02号、おマンコでご奉仕させていただきますっ！」,
,,,
Daiya.Debauchery2-46,Daiya&Nayuta 2ｰ6,ズルルッ、パンッ！パンッ！パンッ！,
,,,
Daiya.Debauchery2-47,ダイヤ,「お゛おっ♥！き、キィーーーーッ♥！キィーーーッ！」,
,,,
Daiya.Debauchery2-48,那由多,「はあっ♥、もう見分けがつきませんねっ♥私もご奉仕しますっ♥…キィーーーーッ！」,
,,,
Daiya.Debauchery2-49,,「キィーーーッ！お出しくださいッ！中だし準備完了ですッ！！」,
,,,
Daiya.Debauchery2-50,Daiya&Nayuta 2ｰ7,ドクンッ！！ドクッ、ビュルルル！！,
,,,
Daiya.Debauchery2-51,ダイヤ,「お゛おおっ♥！お゛っ♥！キィーーーーーーッ♥！！！」,
,,,
Daiya.Debauchery2-52,,「報告しますッ♥、下級戦闘員02号っ♥中だしっ♥…完了しましたっ♥！！」,
,,,
Daiya.Debauchery2-53,,「キィーーーーーーッ♥！」,
,,,
Daiya.Debauchery2-54,那由多,「キィーーーーーッ♥！はあっ♥、ご主人様っ♥…次はっ私がッ♥！」,
,,,
Daiya.Debauchery2-55,怪人,「グフフッ、心配するな下級戦闘員共…元の名前も忘れるほど可愛がってやる」,
,,,
Daiya.Debauchery2-56,那由多,「はあっ♥、はあっ♥、キィーーーーーーッ♥！」,
,,,
Daiya.Debauchery2-57,ダイヤ,「お゛っ♥！き、キィーーーーーーッ！」,
,,,
Daiya.Debauchery2-58,,「キィーーーーーーッ！」,
,,,
Daiya.Debauchery2-59,,「キィーーーーーーッ！」,
,,,
Daiya.Debauchery2-60,,「キィーーーーーーッ！」,
,,,
Daiya.Debauchery2-61,,――――――――,
,,,
Daiya.Debauchery2-62,,――――,
,,,
Daiya.Debauchery2-63,,ー,
,,,
,,,
,,,
,,,
,,,
,,,
,,,
,,,
,,,
,,,
,,,
,,,
,,,
,,,
,,,
,,,
,,,
,,,
,,,
,,,
,,,
,,,
,,,
,,,
Daiya Seikaku Scene,注釈,聖核シーン,闇堕ちシーン
,背景　訓練施設,,
Daiya.Core1-1,,ダイヤへの調教が続く中、財団地下監禁施設にて――――,
,,,
Daiya.Core1-2,戦闘員,「キィーーーッ！さっさと歩きなさい！」,
,,,
Daiya.Core1-3,ダイヤ(全裸),「―――――ッ！」,
,,,
Daiya.Core1-4,,(……っ！手足を取り戻すことが出来たが…！),
,,,
Daiya.Core1-5,,(くそっ……体が……逆らえないっ……！本来なら戦闘員など変身しなくても余裕で倒せるというのに…！),
,,,
Daiya.Core1-6,,「………どこへ連れていくつもりだ…。」,
,,,
Daiya.Core1-7,戦闘員,「キィーーーッ！付きました！」,
,,,
Daiya.Core1-8,ダイヤ,「…………なんだと？」,
,,,
Daiya.Core1-9,,そして戦闘員がボタンを押すと、天井からダイヤへ向かって光線が放たれる,
,,,
Daiya.Core1-10,,バチバチバチッ！バチバチバチッ！！,
,,,
Daiya.Core1-11,ダイヤ,「ぐうっ！？な、なんだ……っ！？」,
,,,
Daiya.Core1-12,,(っ…この光線っ…！あ、頭に直接……！？),
,,,
Daiya.Core1-13,戦闘員,「キィーーーーーッ！心配せずとも死ぬことはありません！」,
,,,
Daiya.Core1-14,,「……まあ、死んだ方がましなくらいもっと惨めな事になってしまいますが！」,
,,,
Daiya.Core1-15,ダイヤ,「ぐっ…！？クソッ……貴様…なにをっ……！？」,
,,,
Daiya.Core1-16,,「ぐあっ…！？意識……が…朦朧として……っ？！」,
,,,
Daiya.Core1-17,,「ひうっ♥！？…な、なんだっ…これっ！？」,
,,,
Daiya.Core1-18,,「お腹がっ……熱いっ……♥！？」,
,,,
Daiya.Core1-19,,「はあっ♥、はあっ♥…！？だ、だめだっ……！？これは……ッ！？」,
,,,
Daiya.Core1-20,戦闘員,「キィーーッ！抵抗は無駄です！受け入れなさい！」,
,,,
Daiya.Core1-21,ダイヤ,「はあっ♥、はあっ♥、だ、黙れ…ええっ！！」,
,,,
Daiya.Core1-22,,ダイヤは意識が朦朧とする中、中腰の姿勢で耐えようとする,
,,,
Daiya.Core1-23,,「はあっ♥、えあっ♥、な、なにがっ……♥」,
,,,
Daiya.Core1-24,,「あっ♥、だ、だめだっ……♥お腹っ……♥、私ッ……♥！！！」,
,,,
Daiya.Core1-25,,「お゛お゛おっ～～～～～♥！？！？」,
,,,
Daiya.Core1-26,,尻穴から何かが抜け落ちる感覚とともに、ダイヤの意識はプツンと途切れるのだった。,
,,,
Daiya.Core1-27,,―――――――――,
,,,
Daiya.Core1-28,,――――,
,,,
,,,
,,,
Daiya.Core1-29,,―――――――――,
,,,
Daiya.Core1-30,,ズボッ……グチュッ……,
,,,
Daiya.Core1-31,,――――,
,,,
Daiya.Core1-32,,グチッ……ニチュッ……,
,,,
Daiya.Core1-33,,ー,
,,,
,,,
,Daiya core 1-1,,
Daiya.Core1-34,ダイヤ,「戦闘員……様………いかが………ですか………。」,
,,,
Daiya.Core1-35,,(……………………。),
,,,
Daiya.Core1-36,戦闘員,「おおっ、すげえ締め付けるっ！コイツ他の聖核戦姫のオナホよりもキツキツじゃねえかっ？」,
,,,
Daiya.Core1-37,,「結構強い聖核戦姫らしいし、オナホもつええのか？」,
,,,
Daiya.Core1-38,ダイヤ,「お褒め頂き……ありがとう…ございます。」,
,,,
Daiya.Core1-39,,「…聖核戦姫の時は……結構鍛えていたので……。」,
,,,
Daiya.Core1-40,,(………………………っ？),
,,,
Daiya.Core1-41,戦闘員,「そうか、じゃあとっとと始めてくれや。」,
,,,
Daiya.Core1-42,ダイヤ,「はい……戦闘員様のおちんぽ…聖核オナホで扱かせていただきます………。」,
,,,
Daiya.Core1-43,,シュコッ！シュコッ！グチュッ！グチュッ！,
,,,
Daiya.Core1-44,ダイヤ,(っ！～～～～～～～～ッ！？！？),
,,,
Daiya.Core1-45,,(なっ♥、なんだっ♥！？な、何がおきているッ♥！？！？),
,,,
Daiya.Core1-46,,(わ、私ッ……これっ……どうなってっ♥！？),
,,,
Daiya.Core1-47,,シュコッ！シュコッ！グチュッ！グチュッ！,
,,,
Daiya.Core1-48,,(っ！～～～～～～～～ッ！？！？),
,,,
Daiya.Core1-49,,(なんだっ♥！？～～このっ！？体全体を貫かれるような感覚はっ…♥！？),
,,,
Daiya.Core1-50,ダイヤ,「………っ♥……いかがですか………戦闘員様………。」,
,,,
Daiya.Core1-51,戦闘員,「おう、なかなか良いじゃねえか！チンポに吸い付いて離さねえな」,
,,,
Daiya.Core1-52,ダイヤ,(なっ…あれは……わたしっ！？),
,,,
Daiya.Core1-53,,(わたしはっ………一体何を見てっ……！？),
,,,
Daiya.Core1-54,戦闘員,「聖核戦姫オナホの中じゃ最高の品質だっ！このままコキ続けろ！」,
,,,
Daiya.Core1-55,ダイヤ,「……はい………戦闘員様。」,
,,,
Daiya.Core1-56,,シュコッ！シュコッ！グチュッ！グチュッ！,
,,,
Daiya.Core1-57,,(ひぐっ♥、ううっ～～～～♥！？！？),
,,,
Daiya.Core1-58,,(聖核戦姫オナホだとッ！？っ、つまり……わたしは今っ……！？),
,,,
Daiya.Core1-59,,シュコッ！シュコッ！グチュッ！グチュッ！,
,,,
Daiya.Core1-60,ダイヤ,(お゛おおっ♥お゛おっ♥、私の中をッ、何かがっ…動いてっ……っ♥！？),
,,,
Daiya.Core1-61,,(ま…さかっ♥！？これは…戦闘員の……ち、チンポっ……？！),
,,,
Daiya.Core1-62,,シュコッ！シュコッ！グチュッ！グチュッ！,
,,,
Daiya.Core1-63,,(ひううううっっ♥！？や、やめろっ！お゛おおっ♥！！),
,,,
Daiya.Core1-64,,ダイヤはオナホになった体で必死に抵抗しようとするが、シリコンの体は自分の意思では全く動かない,
,,,
Daiya.Core1-65,,ピクンッ！,
,,,
Daiya.Core1-66,ダイヤ,「…んあっ♥……戦闘員様…いかがですかっ……ん゛っ…♥」,
,,,
Daiya.Core1-67,,「…あ？シコッてんのはオナホなのに本体も感じてんのか？」,
,,,
Daiya.Core1-68,Daiya core 1-3,「……っ…はい。私の体は意識はなく操られている状態ですが……感覚はオナホと繋がっています………。」,
,,,
Daiya.Core1-69,,「……現在………戦闘員様のおちんぽにより…オナホが刺激されて…体も絶頂し続けています。」,
,,,
Daiya.Core1-70,戦闘員,「ははっ、コイツは相当強え聖核戦姫だったらしいが、もうただの無様なオナホでしかねえな」,
,,,
Daiya.Core1-71,ダイヤ,「はいっ……引き続き……戦闘員様のおちんぽ………シコらせていただきます。」,
,,,
Daiya.Core1-72,,シュコッ！シュコッ！グチュッ！グチュッ！,
,,,
Daiya.Core1-73,ダイヤ,(ひああっ♥！？やあっ♥、やめろっ……っ♥？！),
,,,
Daiya.Core1-74,,シコッ！シコッ！シコッ！シコッ！,
,,,
Daiya.Core1-75,,(お゛おおっ♥おおっ～♥！),
,,,
Daiya.Core1-76,,(私の中ッ…♥引き伸ばされてっ…っコイツのチンポの形になってるうぅっ♥！？),
,,,
Daiya.Core1-77,,(体全体がッ♥、おちんぽの形にっ♥、こんなのっ♥、無様すぎるううっ♥！),
,,,
Daiya.Core1-78,,「んあっ♥……あっ♥、はあっ♥…」,
,,,
Daiya.Core1-79,戦闘員,「あー出そうだ……、おいオナホ、舌出せ！」,
,Daiya core 1-4,,
Daiya.Core1-80,ダイヤ,「はい……かしこまりました………。」,
,,,
Daiya.Core1-81,,ジュルルルッ、ジュルッ！,
,,,
Daiya.Core1-82,,(ひあっ♥、き、気持ち悪いっ！),
,,,
Daiya.Core1-83,戦闘員,「強い聖核戦姫でも舌は鍛えられねえんだな！」,
,,,
Daiya.Core1-84,ダイヤ,「はい……私の体は全て戦闘員様にご奉仕するためにありますので…♥」,
,,,
Daiya.Core1-85,,べろっ、れろれおっ、ジュルッ♥,
,,,
Daiya.Core1-86,,ダイヤは無機質に戦闘員のチンポをコキながら奉仕を続けていく,
,,,
Daiya.Core1-87,戦闘員,「うおおっ…搾り取られるっ…出すぞっ！」,
,,,
Daiya.Core1-88,,シュコッ！シュコッ！グチュッ！グチュッ！,
,,,
Daiya.Core1-89,ダイヤ,「はい…っ♥戦闘員様の精液……♥お出しください……♥」,
,,,
Daiya.Core1-90,,(よ、よせっ……やめろっ！！！),
,,,
Daiya.Core1-91,Daiya core 1-5,ドクッ！ビュルルルルルルッッ！！！,
,,,
Daiya.Core1-92,ダイヤ,「んっ♥………あっ♥……………！」,
,,,
Daiya.Core1-93,ダイヤ,(ひああああっっ♥！？！),
,,,
Daiya.Core1-94,,(精液がっ……私のっ…お腹の中に………っ♥！？),
,,,
Daiya.Core1-95,,(私の中がッ♥、精液でっ♥ぱんぱんになってええぇっ♥！？？),
,,,
Daiya.Core1-96,,(お゛おおっ♥、おなかっ♥、は、破裂するううっっっ♥！！！),
,,,
Daiya.Core1-97,,ドクンッ！！どぴゅッ！ドピュッ！！！！,
,,,
Daiya.Core1-98,,「ふう…搾り取られたぜ…」,
,,,
Daiya.Core1-99,ダイヤ,「はい……沢山出していただきありがとうございました。オナホ…冥利につきます。」,
,,,
Daiya.Core1-100,,(お゛おおっ♥……お゛おっ♥、精液…私の中でっ…風船みたいに…っ♥！？),
,,,
Daiya.Core1-101,,「私もオナホも喜んでいます……またのご利用をお待ちしています。」,
,,,
Daiya.Core1-102,,「さて…まだ戦闘員はたくさん残っていますね……」,
,,,
Daiya.Core1-103,,(やっ！やめっ…ろっ♥！これ以上はっ……むりぃ…♥！！),
,,,
Daiya.Core1-104,,その後、ダイヤは意思の無い性処理オナホとして何人もの戦闘員のチンポをコキ続けるのだった。,
,,,
Daiya.Core1-105,,――――――――,
,,,
Daiya.Core1-106,,――――,