DLC Story,Comment,Japanese
DLC　プロローグ,注釈,
,黒背景,
,暗転,
,,
Dialog.DLC-P-1,,フォーレン財団聖核戦姫研究施設にて―――
,Hisui story DLC 1,
Dialog.DLC-P-2,,水槽の中に、一人の少女が機械に繋がれていた。
,,
Dialog.DLC-P-3,???,（…………）
,,
Dialog.DLC-P-4,???,（…………………）
,,
Dialog.DLC-P-5,クローン戦闘員,「本日の経過。洗脳深度36％…あまり進行していませんね。」
,,
Dialog.DLC-P-6,???,（……………………………………）
,,
Dialog.DLC-P-7,クローン戦闘員,「解析では大して強い聖核エネルギーを持った個体ではなかったのですが…」
,,
Dialog.DLC-P-8,???,（………………………………………………………）
,,
Dialog.DLC-P-9,クローン戦闘員,「洗脳に対する耐性があるのかも…？また技術幹部のケイさんに報告する必要がありそうですね。」
,,
Dialog.DLC-P-10,???,（……………っ……）
,,
Dialog.DLC-P-11,クローン戦闘員,「引き続き経過観察……なにもなければ聖核排泄の後、苗床工場へ輸送しましょう。」
,,
Dialog.DLC-P-12,???,（……………）
,,
Dialog.DLC-P-13,???,（……………誰か……助け……………）
,,
Dialog.DLC-P-14,,（……………）
,暗転,
,,
Dialog.DLC-P-15,ワールドマップ,聖核戦姫とフォーレン財団の戦いからしばらくの時が経ち―――
,,
Dialog.DLC-P-16,,聖核戦姫の総本山、聖月生徒会は陥落し、ほぼ全ての聖核戦姫は財団へ捕らえられた。
,,
Dialog.DLC-P-17,,財団は世界を征服するべく、聖核戦姫を改造・利用し、着々と戦力を拡大していた
,,
,アジト,
,,
Dialog.DLC-P-18,SEL,「……では生産幹部アキホ、財務幹部エレナ、軍事幹部ナユタ、技術幹部ケイ、それぞれ報告を。」
,,
Dialog.DLC-P-19,明穂闇落ち,「順調だよ～！聖核戦姫の改造ミルクは沢山取れてるし、触手ちゃん達も元気に育ってるみたい！」
,,
,,
,,
Dialog.DLC-P-20,エレナ,「……組織の成長率は前期比+54％……組織は順調に成長していると言えるでしょう。」
,,
Dialog.DLC-P-21,那由多,「我々の支配領域は半年間でおよそ2倍になりました。レジスタンスに対してもこちらが優勢です。」
,,
Dialog.DLC-P-22,,「ただ………。」
,,
Dialog.DLC-P-23,,「現状のクローンと怪人の人数では支配地域を維持する事は困難になりつつあります。」
,,
Dialog.DLC-P-24,,「更に支配地域を広げるためにはより多くの戦闘員が必要となるでしょう。」
,,
Dialog.DLC-P-25,,「……そこでケイさん、頼んでおいたものは完成しているでしょうか？」
,,
Dialog.DLC-P-26,京,「もちろん。きたまえ下級戦闘員達……！」
,,
Dialog.DLC-P-27,,京がそう言うと部屋の中に何人かの仮面をつけた女が入ってくる。
,,
Dialog.DLC-P-28,女戦闘員×３,「「「キィ――――――――ッ！！！」」」
,,
Dialog.DLC-P-29,,戦闘員達は甲高い声を上げてピシっと京の前で敬礼をする。
,,
Dialog.DLC-P-30,京,「どうだい？言われた通りの出来栄えだろ？」
,,
Dialog.DLC-P-31,,「その辺の一般人を捕まえて、簡単な疑似聖核埋め込み手術と洗脳で作った戦闘員だ。」
,,
Dialog.DLC-P-32,,「戦闘力は聖核戦姫のクローンには遠く及ばないが…コストは10分の1以下だ、経済的だろ？」
,,
Dialog.DLC-P-33,,「肉壁として運用するなり、性処理させるなり、雑用として自由に使ってくれたまえ。」
,,
Dialog.DLC-P-34,明穂,「おお～一般人を誘拐して戦闘員に…、流石ケイちゃんすっごいワルって感じだね～。」
,,
Dialog.DLC-P-35,那由多,「なるほど、貴女らしい……ですが、流石要望通りの仕事をしてくれますね。」
,,
Dialog.DLC-P-36,京,「ふふっ、そうだろう？すぐにでも量産体制に入ろうと思う、街中からちょうどいい女を誘拐して――――」
,,
Dialog.DLC-P-37,,その時、アラームが鳴り、モニターから緊急連絡の通報が入る。
,,
Dialog.DLC-P-38,クローン(通信),「っ、緊急で連絡させていただきます！」
,,
Dialog.DLC-P-39,京,「っ、なんだ？話の途中に―――」
,,
Dialog.DLC-P-40,クローン戦闘員,「聖核戦姫調教セクターから被験体が脱走しました！」
,,
Dialog.DLC-P-41,エレナ,「…我々が離れているときにッ…しかしクローン戦闘員がいるというのに脱走ですか？」
,,
Dialog.DLC-P-42,那由多,「聖核戦姫調教セクター…まさか」
,,
Dialog.DLC-P-43,クローン戦闘員,「脱走したのは聖核戦姫、コード：ダイヤモンドです―――！」
,,
,暗転,
Dialog.DLC-P-44,地下通路背景,ガッシャアアアアンッッ！！！！
,,
Dialog.DLC-P-45,クローン戦闘員,「っ、ぐうっ、このっ！！」
,,
Dialog.DLC-P-46,クローン戦闘員,「―――――敵は強力です！連携をっ――――！」
,,
Dialog.DLC-P-47,ダイヤモンド(シルエット→立ち絵),「無駄だっ！はああっ！！！」
,,
Dialog.DLC-P-48,ダイヤモンド,「私は聖核戦姫ダイヤモンドッ！最強の聖核戦姫だッ！！」
,,
,暗転,
Dialog.DLC-P-49,Hisui story DLC１,(……………！)
,,
Dialog.DLC-P-50,,(なんの音……………？)
,,
Dialog.DLC-P-51,,(何か非常事態が――――！！！)
,,
Dialog.DLC-P-52,,ガッシャアアアアンッッ！
,暗転,
,地下通路背景,
Dialog.DLC-P-53,,少女を拘束していた水槽が壊れ、彼女は床に放り出される
,,
Dialog.DLC-P-54,???(ヒスイ　全裸),「……………っ、うぅ、一体どうなって…」
,,
Dialog.DLC-P-55,クローン×３,「っ！、敵の攻撃により被検体が実験槽より流出！直ちに確保を！」
,,
Dialog.DLC-P-56,,そして何人かのクローンが水槽から放たれたばかりの少女を取り押さえようと襲い掛かる
,,
Dialog.DLC-P-57,???,「っ、な、―――――」
,,
Dialog.DLC-P-58,ダイヤモンド,「っ、まだ無事な聖核戦姫が…？させるかッ！」
,,
Dialog.DLC-P-59,,ダイヤモンドの大剣が翻り、クローン達が吹き飛ばされる
,,
Dialog.DLC-P-60,???,「なっ、あっ、ありがとうございます…」
,,
Dialog.DLC-P-61,ダイヤモンド,「礼など言っている場合か！貴様も聖核戦姫だろう！生き延びたければ戦え！」
,,
Dialog.DLC-P-62,???,「っ！？は、はいっ！」
,,
Dialog.DLC-P-63,,(そうだ………私は聖核戦姫！状況はわからないけど……今の私に出来ることをっ！)
,,
Dialog.DLC-P-64,,そして少女の体から緑色の光があふれ出し――――
,,
Dialog.DLC-P-65,ヒスイ(ヒスイ変身),「変身完了！私はヒスイ、聖核戦姫、コード：ヒスイです！」
,,
Dialog.DLC-P-66,ダイヤモンド,「今からこの戦闘員共を突破する！私が道を切り開くから自分の身は自分で守れ！」
,,
Dialog.DLC-P-67,ヒスイ,「は、はいっ！」
,,
Dialog.DLC-P-68,ダイヤモンド,「はあああああっっっっ――――――――！！！！！」
,,
Dialog.DLC-P-69,ヒスイ,「……………！！！」
,ホワイトアウトする演出(暗転の白Ver),
Dialog.DLC-P-70,,数時間後、都市の裏路地にて
,背景　裏路地,
Dialog.DLC-P-71,ヒスイ(私服),「はあっ、はあっ、はあっ…」
,,
Dialog.DLC-P-72,ダイヤ(私服),「……ふう、ここまで来れば一旦逃げ切っただろう。」
,,
Dialog.DLC-P-73,,二人の聖核戦姫は財団の追跡を振り切り、夜の闇に紛れて路地裏に身を隠していた
,,
,,
,,
Dialog.DLC-P-74,ヒスイ,「た、助けていただきありがとうございました。ええと…私はヒスイ…西園寺ヒスイです。貴女は…？」
,,
Dialog.DLC-P-75,ダイヤ,「…………。」
,,
Dialog.DLC-P-76,,「………私はこれから財団の本拠地を奇襲し、幹部共を暗殺する。」
,,
Dialog.DLC-P-77,ヒスイ,「えっ！？な、何を？」
,,
Dialog.DLC-P-78,ダイヤ,「……今財団は我々を探すために多少本体の警備は手薄になっているはずだ。」
,,
Dialog.DLC-P-79,ヒスイ,「そんな、いくら貴女でも今は…！」
,,
Dialog.DLC-P-80,ダイヤ(変身),「…私は聖核戦姫の正義を執行する。貴様は自分の身を隠す事に集中しろ。」
,,
Dialog.DLC-P-81,ヒスイ,「そ、それなら私も聖核戦姫です！一緒に戦います―――」
,,
Dialog.DLC-P-82,ダイヤ,「……先ほど貴様の戦闘を見ていたが、はっきり言って力不足だ。」
,,
Dialog.DLC-P-83,,「せいぜいクローン共2～3匹を相手にするのが関の山だろう…はっきり言って足手まといだ。」
,,
Dialog.DLC-P-84,,「さらばだ、運が良ければまた会う事もあるだろう。幸運を祈る。」
,,
Dialog.DLC-P-85,ヒスイ,「――――っ！」
,,
Dialog.DLC-P-86,,「――――待ってください！！！」
,,
Dialog.DLC-P-87,,「私も聖核戦姫です！このまま敵にやられっぱなしではいられません！」
,,
Dialog.DLC-P-88,,「私は聖月生徒会で書記をやっていました…奴らの情報も持っていますし…もっと可能性のある作戦も立てられます！」
,,
Dialog.DLC-P-89,,「それに…あそこにはエレナ先輩がいて…絶対取り戻したいんです！」
,,
Dialog.DLC-P-90,,「ですから！お願いです、私の話を聞いてください！」
,,
Dialog.DLC-P-91,ダイヤ,「……………。」
,,
Dialog.DLC-P-92,,「…………………なるほど。」
,,
Dialog.DLC-P-93,ダイヤ(私服に戻る),「…………私はアナスタシア・ペトロ・ダイヤモンド。…ダイヤでいい。」
,,
Dialog.DLC-P-94,ヒスイ,「……！改めましてヒスイです！」
,,
Dialog.DLC-P-95,ダイヤ,「ヒスイか、よろしく頼む。ふう…今日の突入は無しにする。」
,,
Dialog.DLC-P-96,,「…聞かせてくれ、お前にどんな作戦があるのか……っ――――。」
,,
Dialog.DLC-P-97,,その瞬間ダイヤの体がふらつき倒れそうになる。
,,
Dialog.DLC-P-98,ヒスイ,「！、だ、駄目じゃないですか！？まずは休みましょう！――――」
,,
,,
,,
,,
,,
,,
DLC1-1,,
Dialog.DLC1-1-1,背景　カフェ,――――二人の聖核戦姫が財団を脱出してから数日後。
Dialog.DLC1-1-2,ヒスイ,「それでは作戦を説明します」
,,
Dialog.DLC1-1-3,,「正直私達二人だけでは正面から財団の戦闘員達…特にあの那由多先輩には勝つことは難しいでしょう」
,,
Dialog.DLC1-1-4,ダイヤ,「……………。」
,,
Dialog.DLC1-1-5,,「そこで…私が生徒会の書記の時に見た資料の中に戦力になりそうなものがありました…！」
,,
Dialog.DLC1-1-6,,「この資料を見てください…聖核の力を増幅して聖核戦姫の力を何倍にも増幅するパワードスーツです！」
,,
Dialog.DLC1-1-7,,「エレナ先輩の清藤グループが、聖核戦姫を支援するために開発していたらしいです…戦闘力では那由多先輩に匹敵するとか。」
,,
,,
,,
Dialog.DLC1-1-8,,「このスーツをダイヤさんが使えば…那由多先輩にも勝てるはずです！」
,,
Dialog.DLC1-1-9,ダイヤ,「……こんなものに頼るのは気が進まないが……それでこれはどこにある？」
,,
Dialog.DLC1-1-10,ヒスイ,「清藤グループの管理下の施設です。ただ…」
,,
Dialog.DLC1-1-11,ダイヤ,「………ただ？」
,,
Dialog.DLC1-1-12,ヒスイ,「保管庫は財団の支配下で厳重に警備されていて…今ではエレナ先輩の許可が無ければ入るのは厳しいです」
,,
Dialog.DLC1-1-13,ダイヤ,「…なるほど。」
,,
Dialog.DLC1-1-14,ダイヤ,「……つまり清藤エレナを拉致して無理やり開かせればいいわけか。」
,,
Dialog.DLC1-1-15,ヒスイ,「ら、拉致…！？ま、まあ出来るならそれでもいいんですが…」
,,
Dialog.DLC1-1-16,,「出来れば説得して…無理ならエレナ先輩の指示であることを証明できるものがあれば…生徒証とか…？」
,,
Dialog.DLC1-1-17,ダイヤ,「しかし……どうやって清藤エレナに接近するつもりだ？」
,,
Dialog.DLC1-1-18,ヒスイ,「…最近財団は戦力強化のため、一般人の女性を誘拐して戦闘員にしているようです。」
,,
Dialog.DLC1-1-19,ダイヤ,「……………外道な…！」
,,
Dialog.DLC1-1-20,ヒスイ,「はい…ですがこれは財団に近づくチャンスです。」
,,
Dialog.DLC1-1-21,ヒスイ,「………ですので、私が戦闘員に紛れて財団に潜入します！」
,,
Dialog.DLC1-1-22,ダイヤ,「……あまりに危険だ。それなら私がやる。」
,,
Dialog.DLC1-1-23,ヒスイ,「いえ、ダイヤさんまで捕まってしまってはそれこそおしまいです。」
,,
Dialog.DLC1-1-24,ダイヤ,「しかしだな…」
,,
Dialog.DLC1-1-25,,「私はダイヤさんほど強くは無いですが…生徒会時代からこういう立ち回りは得意なんです。」
,,
Dialog.DLC1-1-26,,「ダイヤさんには適宜こちらから連絡します…ですので、待っていてください！」
,,
Dialog.DLC1-1-27,ダイヤ,「…そうか……わかった。」
,,
Dialog.DLC1-1-28,,「……一つだけ聞かせてくれ。ヒスイ、……君は何のために戦う？」
,,
Dialog.DLC1-1-29,ヒスイ,「…………っ！……私は……。」
,,
Dialog.DLC1-1-30,,「私は……平和のため！……エレナ先輩や聖核戦姫の皆さんとの平和な日常を取り戻すために戦います………！」
,暗転,
,背景夜の街,
Dialog.DLC1-1-31,,数日後、夜の街にて。
,,
Dialog.DLC1-1-32,男戦闘員,「オラッ、女共をどんどん捕まえろ！」
,,
Dialog.DLC1-1-33,,戦闘員達は戦闘員になりそうな若い女を捕え、どんどんトラックの荷台へと積み込んでいた。
,,
Dialog.DLC1-1-34,ヒスイ,「……ひどい…。」
,,
Dialog.DLC1-1-35,,「……皆さんごめんなさい。今は助けられないけど…。」
,,
Dialog.DLC1-1-36,,ヒスイは戦闘員によって捕らえられた女性が積み込まれたトラックに入り、気絶したふりをする。
,,
Dialog.DLC1-1-37,男戦闘員,「おっし大量大量！早速戦闘員生産工場へ直行だ！」
,,
Dialog.DLC1-1-38,,戦闘員がトラックの荷台のドアを閉め、運転席へ乗り込む。
,,
Dialog.DLC1-1-39,,(……とりあえず潜入は成功ですね。)
,,
Dialog.DLC1-1-40,,「おっと忘れる所だったぜ、中で暴れられると困るからな。」
,,
Dialog.DLC1-1-41,,戦闘員がそう言うとトラックの中に煙が噴射される。
,,
Dialog.DLC1-1-42,ヒスイ,(………！これは睡眠ガス…！？)
,,
Dialog.DLC1-1-43,,「次目が覚めた時は全員、性処理奴隷の戦闘員だ。最後にせいぜいいい夢でも見るんだな。」
,,
Dialog.DLC1-1-44,,(…っ、私がいることに気が付いたわけではなさそうですが…これは…！)
,,
Dialog.DLC1-1-45,,(まずいです……流石に敵中で寝るのは危険すぎますっ…)
,,
Dialog.DLC1-1-46,,(うっ、うぅっ、い、意識が………)
,,
Dialog.DLC1-1-47,,(私は聖核戦姫っ…、この程度の睡眠ガスなん……て…)
,,
Dialog.DLC1-1-48,,(………………っ…………。)
,,
Dialog.DLC1-1-49,,(……………………………。)
,,
Dialog.DLC1-1-50,,ヒスイの意識はそこで途切れた。
,,
,暗転,
,Hisui story DLC2-1,
Dialog.DLC1-1-51,ヒスイ,「………んぅ…………？」
,,
Dialog.DLC1-1-52,,「…………ここは………？」
,,
Dialog.DLC1-1-53,,ヒスイは自分の状況に気が付く。
,,
Dialog.DLC1-1-54,,(っ、そうでした…！私は潜入するためにトラックに乗って……。)
,,
Dialog.DLC1-1-55,,(……周りにも捕らわれた女の子たちが……つまりここが戦闘員化工場…っ！？)
,,
Dialog.DLC1-1-56,,(しかもっ……、体のコントロールが効かない……！？聖核戦姫に変身もできない……！)
,,
Dialog.DLC1-1-57,,その時、ヒスイの意識の中へ機械的な女性の声が語り掛ける。
,,
Dialog.DLC1-1-58,,【対象の意識の覚醒を確認。只今より戦闘員化プログラムを開始します。】
,,
Dialog.DLC1-1-59,,(戦闘員化プログラムっ！？……もう……！？)
,,
Dialog.DLC1-1-60,,(こういう状況になるのは想定していたけど……心の準備がっ……！)
,,
Dialog.DLC1-1-61,Hisui story DLC2-２,ヒスイがそう思考した瞬間ヒスイに繋がれたコードから頭の中にバチッと電流が流れる
,,
Dialog.DLC1-1-62,,(ひぎゅっ！？)
,,
Dialog.DLC1-1-63,,【戦闘員化プログラム中の不要な思考は禁止されます。】
,,
Dialog.DLC1-1-64,,(なあっ、ちょ、ちょっとまってっ！)
,,
Dialog.DLC1-1-65,,バチバチバチッ！！
,,
Dialog.DLC1-1-66,,【戦闘員化プログラム中の不要な思考は禁止されます。】
,,
Dialog.DLC1-1-67,,(ひぁっ、はあっ、電気がっ頭の中にっ……！？)
,,
Dialog.DLC1-1-68,,バチバチバチッ！！
,,
Dialog.DLC1-1-69,,【戦闘員化プログラム中の不要な思考は禁止されます。】
,,
Dialog.DLC1-1-70,,(ひぎゅうっ…！？はあっ、はあっ、わ、わかりましたっ！！)
,,
Dialog.DLC1-1-71,2ｰ1,(っ……………………………………)
,,
Dialog.DLC1-1-72,,【対象者の安定を確認。引き続き戦闘員化プログラムを継続します】
,,
Dialog.DLC1-1-73,ヒスイ,(…………………………………)
,,
Dialog.DLC1-1-74,"H46号→
えいちよんじゅうろくごう",【以後対象者を“下級戦闘員H46号”と呼称します。以後自身の事はH46号と呼称するように。】
,,
Dialog.DLC1-1-75,,(えっ……H……46号？)
,,
Dialog.DLC1-1-76,2ｰ2,バチバチバチッ！！
,,
Dialog.DLC1-1-77,,(ひあっ！？)
,,
Dialog.DLC1-1-78,,【命令には迅速な返答を】
,,
Dialog.DLC1-1-79,,(―――は、はいっ、下級戦闘員H46号、了解いたしました！)
,,
Dialog.DLC1-1-80,,【下級戦闘員の返事は全て絶対の肯定を表す“キィーーーーーッ”です。それ以外の発声は禁止されます。】
,,
Dialog.DLC1-1-81,ヒスイ,(………は？え？きー！？何？)
,,
Dialog.DLC1-1-82,,バチバチバチッ！！
,,
Dialog.DLC1-1-83,,【命令には迅速な返答を】
,,
Dialog.DLC1-1-84,,(き、キィーーーッ！！)
Dialog.DLC1-1-85,,(っ、ううっ……なにこの酷い挨拶……！？これが戦闘員！？)
Dialog.DLC1-1-86,,【よろしい。それではフォーレン財団戦闘員としての絶対規則を伝達します。一言一句完全に暗唱しなさい。】
,,
Dialog.DLC1-1-87,,(き、き――――！)
,,
Dialog.DLC1-1-88,,【第一条：フォーレン財団へ絶対の忠誠を誓い、命令に絶対服従する事】
,,
Dialog.DLC1-1-89,,(っ、………フォーレン財団へ絶対の忠誠を…誓い、命令に絶対服従する事………っ！)
,,
Dialog.DLC1-1-90,Hisui story DLC　2-0,そのフレーズを頭の中で唱えたとたん、ヒスイの脳にゾクゾクと甘い電流が流れる。
,,
Dialog.DLC1-1-91,ヒスイ,(……っ！？、な、なにこれっ！？、あっ！…………………。)
,,
Dialog.DLC1-1-92,,【第二条：いかなる手段を使っても戦闘員の任務を遂行する事】
,,
Dialog.DLC1-1-93,,(……い、いかなる手段を使っても戦闘員の任務を遂行する事！)
,,
Dialog.DLC1-1-94,,パチパチパチッ！
,,
Dialog.DLC1-1-95,,(んんっ♥、ま、またっ♥…これっ…脳を電気で刺激してぇ…！？)
,,
Dialog.DLC1-1-96,,その言葉を頭の中で唱えるたび、先程の電流とは真逆の報酬の電流がヒスイの脳を駆け巡る。
,,
Dialog.DLC1-1-97,,【第三条：恐怖と淫欲によって、財団の支配を広げる事】
,,
Dialog.DLC1-1-98,,(恐怖と淫欲を拡散し、財団の支配を広げる事……♥)
,,
Dialog.DLC1-1-99,,(……………はっ！？だ、駄目ですっ、素直に従っては！私は聖核戦姫っ…耐えないと……！)
,,
Dialog.DLC1-1-100,,バチバチバチッ！！
,,
Dialog.DLC1-1-101,,(ひうっ！？、き、キィーーーッ！！申し訳…ございませんっ！？)
,,
Dialog.DLC1-1-102,,【よろしい。では繰り返します。】
,,
Dialog.DLC1-1-103,,(き、きーーーーっ！)
,,
Dialog.DLC1-1-104,,(第一条……フォーレン財団へ絶対の忠誠を誓い、命令に絶対服従する事………っ！！)
,暗転,
Dialog.DLC1-1-105,,そしてヒスイへの洗脳プログラムはしばらく続き―――
,,
Dialog.DLC1-1-106,ヒスイ,(第一条：フォーレン財団へ絶対の忠誠を誓い、命令に絶対服従する事。)
,,
Dialog.DLC1-1-107,,(第二条：いかなる手段を使っても戦闘員の任務を遂行する事。）
,,
Dialog.DLC1-1-108,,(第三条：恐怖と淫欲によって、財団の支配を広げる事。)
,,
Dialog.DLC1-1-109,,【対象者の10分間の自我の未検出を確認。これよりフェーズ2に移行します。】
,,
Dialog.DLC1-1-110,ヒスイ,(キィ―――――ッ！)
,,
Dialog.DLC1-1-111,,ヒスイは頭の中で下級戦闘員の叫び声をあげる
,,
Dialog.DLC1-1-112,,そしてヒスイの周りからロボットアームが出現し、ヒスイへ戦闘員のスーツを着用させる
,,
Dialog.DLC1-1-113,Hisui story DLC2-3,【スーツ着用完了。これより最終加工工程へ移行します。】
,,
Dialog.DLC1-1-114,,【性欲の増強および記憶の消去による人格矯正を行い、対象を完全に戦闘員へと変換します。】
,,
Dialog.DLC1-1-115,ヒスイ,(キィィ…………はっ！？ま、まって…記憶の消去！？だ、駄目っ！？)
,,
Dialog.DLC1-1-116,,(戦闘員…なんかにならないっ…私は聖核戦姫っ！、それだけは忘れちゃ――――っ！！)
,,
Dialog.DLC1-1-117,Hisui story DLC2-4,バチバチバチバチッッッッ！！
,,
Dialog.DLC1-1-118,,記憶消去が始まり、ヒスイの頭の中に電流が流れる。
,,
Dialog.DLC1-1-119,,(ひっぎゅうううううっっ！？)
,,
Dialog.DLC1-1-120,,【対象者の記憶の消去及び性欲の増幅を実施中。対象者は直ちに思考を停止しなさい。】
,,
Dialog.DLC1-1-121,,(ううっ！、駄目っ、これだけは…ッ絶対…抵抗しなきゃっ！！)
,,
Dialog.DLC1-1-122,,(ダイヤさんと約束したのっ…！私を信じてくれたから…っ！)
,,
Dialog.DLC1-1-123,,バチバチバチッ！！
,,
Dialog.DLC1-1-124,,【対象者の記憶の消去及び性欲の増幅を実施中。危険ですので対象者は直ちに思考を停止してください。】
,,
Dialog.DLC1-1-125,,(お゛っっ！？♥♥、んっ♥、んああっ♥♥！！！)
,,
Dialog.DLC1-1-126,,(ん゛あっ♥だ、だめぇ…っ♥！、私は聖核戦姫っ…♥この程度の洗脳なんてっ…！)
,,
Dialog.DLC1-1-127,,バチバチバチッ！！
,,
Dialog.DLC1-1-128,,【対象者の記憶の消去及び性欲の増幅を実施中。危険ですので対象者は直ちに思考を停止してください。】
,,
Dialog.DLC1-1-129,,(ひぎゅううううっ♥！？、わ、わたしはっ、負け…ないっ♥！！！)
,,
Dialog.DLC1-1-130,,バチバチバチッ！！
,,
Dialog.DLC1-1-131,,【対象者の記憶の消去及び性欲の増幅を実施中。危険ですので対象者は直ちに思考を停止してください。】
,,
Dialog.DLC1-1-132,,(んああっ♥、お゛っ♥、お゛ぉ…)
,,
Dialog.DLC1-1-133,,【対象者の記憶の消去及び性欲の増幅を実施中。危険ですので対象者は直ちに思考を停止してください。】
,,
Dialog.DLC1-1-134,,(………私は……っ♥)
,,
Dialog.DLC1-1-135,,【対象者の記憶の消去及び性欲の増幅を実施中。危険ですので対象者は直ちに思考を停止してください。】
,,
Dialog.DLC1-1-136,,(せい……かく……)
,,
Dialog.DLC1-1-137,,(……………)
,,
Dialog.DLC1-1-138,,【対象者の記憶の消去及び性欲の増幅を実施中。危険ですので対象者は直ちに思考を停止してください。】
,,
Dialog.DLC1-1-139,,【対象者の記憶の消去及び性欲の増幅を実施中。危険ですので対象者は直ちに思考を停止してください。】
,,
Dialog.DLC1-1-140,,【対象者の記憶の消去及び性欲の増幅を実施中。危険ですので対象者は直ちに思考を停止してください。】
,,
Dialog.DLC1-1-141,,【対象者の記憶の消去及び性欲の増幅を実施中。危険ですので対象者は直ちに思考を停止してください。】
,,
,暗転,
Dialog.DLC1-1-142,Hisui story DLC2-5,記憶消去が始まってから30分ほどが経ち――――
,,
Dialog.DLC1-1-143,ヒスイ,(んあ゛っ♥、お゛♥、お゛ぉ♥………っ♥)
,,
Dialog.DLC1-1-144,,【――――記憶消去及び性欲増強措置完了。対象者の人格矯正を終了します。】
,,
Dialog.DLC1-1-145,,(んあっ……お゛♥、おわっ…た……………？)
,,
Dialog.DLC1-1-146,,(わ…わたし……だ、大丈夫っ………まだ……記憶は残ってるっ…！)
,,
Dialog.DLC1-1-147,,(私は……ヒスイ……“聖核戦姫”……で……)
,,
Dialog.DLC1-1-148,,(潜入するために……“戦闘員になって”………。)
,,
Dialog.DLC1-1-149,,【最終工程、戦闘員マスクの着用を行い戦闘員化を完了します。】
,,
Dialog.DLC1-1-150,Hisui story DLC2-6,そして機械によって戦闘員のマスクが装着されると、ヒスイの見た目は完全に戦闘員へと変貌する。
,,
Dialog.DLC1-1-151,,(む、むぐっ…！？)
,,
Dialog.DLC1-1-152,,(こ、これがあの戦闘員達が着けていたマスク…！？顔にぴったり張り付いてるっ……！？)
,,
Dialog.DLC1-1-153,,【今後下級戦闘員は許可なしにマスクを外すことは禁止されます。】
,,
Dialog.DLC1-1-154,,【これにて戦闘員化プログラムを終了します。下級戦闘員H46号、返答を。】
,,
Dialog.DLC1-1-155,,「き、キ―――――ッ！」
,,
Dialog.DLC1-1-156,,【これより下級戦闘員H37号からH48号は部隊配属、及び戦闘訓練を行います。】
,,
Dialog.DLC1-1-157,,【拘束を解除した後速やかに戦闘訓練所に移動してください。】
,,
Dialog.DLC1-1-158,ヒスイ,「キ―――――ッ！」
,,
,暗転,暗転
,地下通路　背景,
,,
Dialog.DLC1-1-159,ヒスイ(Hisui_sentouin_mask),(……はあ、はあ、これで洗脳は耐えきりました……よね…？)
,,
Dialog.DLC1-1-160,,(体がちょっと熱いし……ちょっと下半身が…むずむずするけど……記憶も思考も大丈夫…！)
,,
Dialog.DLC1-1-161,,その時部屋に一人の女性が入ってくる
,,
Dialog.DLC1-1-162,005号,「……新しく配属された下級戦闘員は直ちに整列を。」
,,
Dialog.DLC1-1-163,下級戦闘員,「「「「キ――――ッ！」」」」
,,
Dialog.DLC1-1-164,ヒスイ,「き、キーーーッ！！」
,,
Dialog.DLC1-1-165,,下級戦闘員達は敬礼して005号の前に整列する
,,
Dialog.DLC1-1-166,005号,「私は当部隊隊長及び戦闘訓練担当のクローン戦闘員005号です。私の命令には絶対に従うように。」
,,
Dialog.DLC1-1-167,ヒスイ＆下級戦闘員,「「「「キ――――ッ！」」」」
,,
Dialog.DLC1-1-168,ヒスイ,(コイツっ、聖核戦姫のクローン……)
,,
Dialog.DLC1-1-169,005号,「それでは戦闘訓練を開始します。優秀な成績を収めた個体は幹部か怪人の部隊へ所属できるので全力で取り組みなさい。」
,,
Dialog.DLC1-1-170,ヒスイ＆下級戦闘員,「「「「キ――――ッ！」」」」
,,
Dialog.DLC1-1-171,ヒスイ,(………それなら！もしかしたらエレナ先輩の所へ近づけるかも…！)
,,
Dialog.DLC1-1-172,,(チャンスです！優秀な戦闘員としてふるまって見せます！)
,,
Dialog.DLC1-1-173,,こうして下級戦闘員46号となったヒスイの財団での潜入生活が始まるのだった。
,,
Dialog.DLC1-1-174,,――――――――
,,
Dialog.DLC1-1-175,,――――
,,
Dialog.DLC1-1-176,,ー
,,
,,
,,
,,
,,
DLC1-2,,
,,
Dialog.DLC1-2-1,,ヒスイが戦闘員として財団に潜入してから1週間ほど経ち――――
,アジト,
Dialog.DLC1-2-2,那由多,「それで……脱走した聖核戦姫はまだ見つからないのでしょうか？」
,,
Dialog.DLC1-2-3,京,「う～ん、そうは言ってもねえ？」
,,
Dialog.DLC1-2-4,京,「逃げ出した片方はダイヤモンドだ。昔の那由多に匹敵する実力者だよ？」
,,
Dialog.DLC1-2-5,,「適当な戦力を送って探させたんじゃ、各個撃破されて返り討ちに逢いかねない。」
,,
Dialog.DLC1-2-6,那由多,「……私が直接探した方が早いと思うのですが。」
,,
Dialog.DLC1-2-7,京,「那由多がいない時に本部が攻撃されたらどうするのさ…少なくとも私は相手したくないね。」
,,
Dialog.DLC1-2-8,那由多,「…それもそうですね……ではもう一人の方は？」
,,
Dialog.DLC1-2-9,京,「西園寺ヒスイ、生徒会で書記をやってた娘だね…戦闘力的にはこっちは大した脅威にはならなさそうだ。」
,,
Dialog.DLC1-2-10,那由多,「そういえばそんなのもいた気がしますね…あまり記憶には残っていないですが。」
,,
Dialog.DLC1-2-11,京,「二人がどこにいるのかは……まだ分からないけど。」
,,
Dialog.DLC1-2-12,京,「…………案外近くに隠れてたりして。」
,,
,暗転,
,,
Dialog.DLC1-2-13,,財団戦闘訓練施設――――
,,
Dialog.DLC1-2-14,H46号(ヒスイ)(立ち絵下級戦闘員),「キィーーーーーーッ！！」
,,
Dialog.DLC1-2-15,,ドカッ！ドカッ！
,,
Dialog.DLC1-2-16,005号,「H46号、そこまで。」
,,
Dialog.DLC1-2-17,,「戦闘テストは……今回もH46号が1番ですね。これなら十分戦闘でも役に立てるでしょう。」
,,
Dialog.DLC1-2-18,H46号,「キィーーーーーーッ！ありがとうございます！」
,,
Dialog.DLC1-2-19,,(ふうっ、まあ私は聖核戦姫ですし…このくらい余裕ですね！)
,,
Dialog.DLC1-2-20,,「…この成績であれば上級幹部部隊への配属もありえるかもしれません。」
,,
Dialog.DLC1-2-21,,(上級幹部部隊…！そこならエレナ先輩に近づけるかも…！)
,,
Dialog.DLC1-2-22,H46号,「キィーーーーーーッ！H46号、上級幹部部隊への配属を希望します！更に財団に尽くします！」
,,
Dialog.DLC1-2-23,005号,「…ふむ、素晴らしい忠誠心です。いいでしょう、H46号の上級訓練施設への推薦を行いましょう。」
,,
Dialog.DLC1-2-24,H46号,「キィーーーーーーッ！ありがとうございます！」
,,
Dialog.DLC1-2-25,,(やった！これでもっと財団にっ……じゃなくてエレナ先輩に……！)
,,
Dialog.DLC1-2-26,,(…………私…今何を考えて…？……この前機械にいろいろされた影響ですか…？)
,,
Dialog.DLC1-2-27,,(………最近ずっと体も熱くて変な感じがしますし……ううっ、演技とはいえ染まらないように気を付けないと……！)
,,
Dialog.DLC1-2-28,,(とはいえ私は今は下級戦闘員…エレナ先輩に近づくためにも目の前のことに集中しないとですね……！)
,,
,暗転,
,,
Dialog.DLC1-2-29,,後日、上級訓練施設にて――――
,,
Dialog.DLC1-2-30,005号,「これより下級戦闘員特別訓練を開始します」
,,
Dialog.DLC1-2-31,下級戦闘員＆H46号,「「「「「キィーーーーーーッ！」」」」」
,,
Dialog.DLC1-2-32,005号,「ここに集められたのは忠誠心が高く、戦闘面で優秀な成績を収めた者達…。」
,,
Dialog.DLC1-2-33,,「ですがフォーレン財団下級戦闘員の仕事は戦闘のみではありません。」
,,
Dialog.DLC1-2-34,,「下級戦闘員規則3条、【第三条：恐怖と淫欲を拡散し、財団の支配を広げる事】」
,,
Dialog.DLC1-2-35,,「というわけで、皆さんには今から男性戦闘員相手に誘惑の訓練を行ってもらいます。」
,,
Dialog.DLC1-2-36,H46号,(誘惑っ…！え、それって…！？)
,,
Dialog.DLC1-2-37,,「これも上級部隊選抜の評価となるので全力で取り組むように。」
,,
Dialog.DLC1-2-38,下級戦闘員,「「「「「キィーーーーーーッ！」」」」」
,,
Dialog.DLC1-2-39,H46号,「き、キィーーーーーーッ！」
,,
Dialog.DLC1-2-40,,(っ、男性戦闘員相手にって…ちょっとまって…っ！！)
,,
,暗転,
,,
,Hisui story DLC3ｰ1,
Dialog.DLC1-2-41,ヒスイ,(うううっ…まさこんな事になるなんて……)
,,
Dialog.DLC1-2-42,,部屋の中では何人もの女戦闘員達が男戦闘員への性奉仕をしている
,,
Dialog.DLC1-2-43,,ヒスイも誘惑戦術の訓練として男戦闘員のものを自身の胸に挟んでいた
,,
Dialog.DLC1-2-44,ヒスイ,(男の人のコレ…初めて見たけど…………ううっ……気持ち悪い………）
,,
Dialog.DLC1-2-45,,(でもこれも作戦を遂行するためっ…！手段は選んでられないっ！)
,,
Dialog.DLC1-2-46,男戦闘員,「ははっ、研修とやらでチンポしゃぶって貰えるんだからいい身分だぜ！おら、早くしてくれ。」
,,
Dialog.DLC1-2-47,ヒスイ,「き、キーーーッ！！」
,,
Dialog.DLC1-2-48,ヒスイ,(ううっ…最悪っ……！)
,,
Dialog.DLC1-2-49,,(……しかも戦闘員の“コレ”絶対大きいよね……見たことないけどっ……)
,,
Dialog.DLC1-2-50,,(っていうか私っ、…コレをどうすれば………っ！？)
,,
Dialog.DLC1-2-51,男戦闘員,「おいH46号、いつまで待たせるつもりだ？」
,,
Dialog.DLC1-2-52,ヒスイ,「き、キーーーッ！申し訳ありません！」
,,
Dialog.DLC1-2-53,,(っ、作戦のためっ、やるしかない…っ！)
,,
Dialog.DLC1-2-54,,そしてヒスイは戦闘員のチンポを舐め始める
,,
Dialog.DLC1-2-55,Hisui story DLC3-2,チロッ…ピチャッ…チロチロッ……
,,
Dialog.DLC1-2-56,ヒスイ,(っ、凄く熱くて…ドクドクしてるっ…ううっ…)
,,
Dialog.DLC1-2-57,,チロチロッ……チュルッ…
,,
Dialog.DLC1-2-58,,(うぅ～～～気持ち悪いっ……、けどっ、我慢しなきゃっ……！)
,,
Dialog.DLC1-2-59,,「チロッ…戦闘員様っ…ろうれすかっ……」
,,
Dialog.DLC1-2-60,男戦闘員,「……あぁ？ふざけてんのか？」
,,
Dialog.DLC1-2-61,,「何下級戦闘員が恥ずかしがってんだ？また洗脳装置に送り込まれたいか？」
,,
Dialog.DLC1-2-62,ヒスイ,「き、キーーーッ！申し訳ありませんっ！」
,,
Dialog.DLC1-2-63,男戦闘員,「下級戦闘員のフェラに質は求めてねえんだよ！もっと雑にチンポしゃぶれ！」
,,
Dialog.DLC1-2-64,ヒスイ,「き、キーーーッ！！」
,,
Dialog.DLC1-2-65,,(っ、恥ずかしがってる場合じゃないっ！怪しまれないように…やらないとっ！)
,,
Dialog.DLC1-2-66,Hisui story DLC3-3,ジュボッッッ！！！
,,
Dialog.DLC1-2-67,,ヒスイは勢いよく戦闘員の大きなチンポを口に咥える
,,
Dialog.DLC1-2-68,ヒスイ,(おえっ…、味と臭いが口の中に広がって…最悪っ…！)
,,
Dialog.DLC1-2-69,Hisui story DLC3-4,(でも…これを…射精…？させなきゃいけなくて……っ！)
,,
Dialog.DLC1-2-70,,(ええいっ、これも聖核戦姫と市民の平和のためっ！やるしかないッ！)
,,
Dialog.DLC1-2-71,,そしてヒスイは唇に力を入れ、激しく頭を前後させて戦闘員のチンポをしごいていく。
,,
Dialog.DLC1-2-72,Hisui story DLC3-5,ジュポッ！ジュポッ！ジュポッ！ジュルルルッ！
,,
Dialog.DLC1-2-73,,(ううっ、唇にごつごつしたのが当たって…気持ち悪いっ)
,,
Dialog.DLC1-2-74,,(しかも……体の奥が……熱いっ………)
,,
Dialog.DLC1-2-75,,ジュルルルッ♥、ズゾゾゾッ♥、チュプッ♥、ジュルルルッ♥
,,
Dialog.DLC1-2-76,,ジュポッ！ジュルッ！ジュポッ！ジュルルルッ♥、チュポッ♥！
,Hisui story DLC3-7,
Dialog.DLC1-2-77,ヒスイ,「ジュルルルッ♥、ジュポッ♥、ジュポッ♥、いぃーーーっ！ろうれすかっ！」
,,
Dialog.DLC1-2-78,戦闘員,「うおっ、いきなりすげえフェラだ、やりゃあできるじゃねえか！」
,,
Dialog.DLC1-2-79,ヒスイ,「！！、いぃーーーっ！！ありあとうごらいますっ！」
,,
Dialog.DLC1-2-80,,ジュポッ！ジュルルッ！ジュポッ！ジュルルッ♥、チュポッ！
,,
Dialog.DLC1-2-81,,ジュルルルッ♥、ジュルッ！。ジュボッ！ジュボッ！ズルルルルッ！！
,,
Dialog.DLC1-2-82,戦闘員,「あ～まじでいいわ。H46号だったか…チンポしゃぶる才能あるんじゃねえか？」
,,
Dialog.DLC1-2-83,H46号(ここで変わる),「じゅぷっ♥！、いぃーーーーーっ！！」
,,
Dialog.DLC1-2-84,,上位の戦闘員に褒められると、H46号は喜びを感じてしまう。
,,
Dialog.DLC1-2-85,,(っ、まあ私は優秀…ですからっ！他の戦闘員にできる事くらい私には楽勝です！)
,,
Dialog.DLC1-2-86,,(はあっ♥……本当はこんな事したくないですが……これも任務のためっ♥、全力でしゃぶりますっ♥！)
,,
Dialog.DLC1-2-87,,H46号は戦闘員のチンポを更に激しく口で愛撫していく。
,,
Dialog.DLC1-2-88,,ジュルルッ♥、ジュポッ♥、ジュルルルッ♥、ズゾゾゾッ♥！！
,,
Dialog.DLC1-2-89,,グポッ♥、ジュポッ♥、ジュポッ♥、ジュルルルッ♥！！
,,
Dialog.DLC1-2-90,,(ふふっ♥、どうですかっ♥、私のおちんぽフェラ…♥)
,,
Dialog.DLC1-2-91,,(私は生徒会の時から課題に対していい成績を取ることは得意でしたからっ…！)
,,
Dialog.DLC1-2-92,,ジュルルルッ♥、ジュポッ♥、ジュポッ♥！ジュルルルッ♥、ジュポッ♥！！！
,,
Dialog.DLC1-2-93,Hisui story DLC3-6,(当然……フェラご奉仕訓練でもっ♥、最優秀の成績を取って見せますっ♥！)
,,
Dialog.DLC1-2-94,,ジュルルルッ♥、ジュプッ、ジュププッ♥！
,,
Dialog.DLC1-2-95,,(先端部分の反応が良いようですから…ここも重点的に舌で舐めて…♥)
,,
Dialog.DLC1-2-96,,ジュルッ！、ジュプッ♥、チュロロロっ♥！！ジュポッ♥
,,
Dialog.DLC1-2-97,,ジュポッ♥、ジュポポッ♥、ジュルルルッ♥！！！
,,
Dialog.DLC1-2-98,戦闘員,「うおっ、コイツ下級戦闘員のくせにっ、捕まえた聖核戦姫にしゃぶらせてるみてえなフェラしやがって！」
,,
Dialog.DLC1-2-99,H46号,(ジュルッ♥、私は…聖核戦姫ですけどねっ♥、…ていうか他の聖核戦姫の子達にもこんな事をッ！)
,,
Dialog.DLC1-2-100,,(許せませんっ…作戦が終わったら…この戦闘員…絶対に容赦しませんっ！)
,,
Dialog.DLC1-2-101,,(………でも♥、今は私は下級戦闘員なのでっ♥、まずはこのおちんぽを射精させないとっ…♥)
,,
,Hisui story DLC3-5,
,,
Dialog.DLC1-2-102,,ジュルルルッ♥、ジュポッ♥ジュポッ♥、ジュルルルッ♥、ズゾゾゾッ♥！！
,,
Dialog.DLC1-2-103,,ジュポッ♥、ジュルルルッ♥、ジュゾゾゾゾッ！！！
Dialog.DLC1-2-104,,「いぃーーーーーっ！ほらっ、早く出してくらさいっ♥」
Dialog.DLC1-2-105,H46号,
,,
Dialog.DLC1-2-106,戦闘員,「ぐうっ、クソッ、射精させられちまうっ……H46号出すぞっ！」
,,
Dialog.DLC1-2-107,,そして戦闘員のチンポからH46号の口内に熱い精液が発射される。
,,
Dialog.DLC1-2-108,Hisui story DLC,ドブッ、ビュルルルルルルッ！！
,,
Dialog.DLC1-2-109,H46号,「ん゛ん～～～～ッ！？？げぼっ♥！？ゴボボッ♥！？」
,,
Dialog.DLC1-2-110,,(っ、これが精液…っ！♥♥、どろどろして、き、気持ち悪いっ…！)
,,
Dialog.DLC1-2-111,戦闘員,「オラッ、ちゃんと全部飲み干せっ！」
,,
Dialog.DLC1-2-112,H46号,「い゛い～～～～ッ♥♥ゴキュッ、ゴクッ♥♥ズルルルルッ♥」
,,
Dialog.DLC1-2-113,,H46号は精液を何とか飲み干す
,,
Dialog.DLC1-2-114,Hisui story DLC3-9,(ううっ、…のどに張り付いて気持ち悪い……けど…味は悪くない…かも？)
,,
Dialog.DLC1-2-115,戦闘員,「ふうっ、初めてのフェラ奉仕とは思えねえな…清楚なふりしてクソビッチだったか？」
,,
Dialog.DLC1-2-116,,「まあいい成績つけといてやるよ…H46号95点っと…」
,,
Dialog.DLC1-2-117,H46号,「キイィ――――ッ！ありがとうございますッ！」
,,
Dialog.DLC1-2-118,,(やった！これで更に………そう！エレナ先輩の所へ…！)
,,
Dialog.DLC1-2-119,Hisui story DLC　3-10,(………それに、思ったより戦闘員生活も楽しい……かも……？)
,,
Dialog.DLC1-2-120,ヒスイ,(はっ……！？私っ……なにを考えて………！？)
,,
Dialog.DLC1-2-121,,(ううっ……よくないですね…雰囲気にのまれかけました……)
,,
Dialog.DLC1-2-122,,(……でも今はH46号ですから…もっと頑張って財団に奉仕する“演技”をして…！)
,,
Dialog.DLC1-2-123,,(どんな手を使っても…たとえエッチな事でも…絶対に“任務”を遂行します！)
,,
,,
DLC1-3,,
,,
Dialog.DLC1-3-1,,ヒスイが潜入してから1か月ほど-―――ヒスイは訓練施設の模範下級戦闘員となっていた
,,
Dialog.DLC1-3-2,H46号,「…聞こえてますかダイヤさん！こちら下級戦闘員H46……じゃなくて…！」
,,
Dialog.DLC1-3-3,ヒスイ,「……ええと……ヒスイ！ヒスイです！現在の状況ですが……」
,,
Dialog.DLC1-3-4,,(…っ、一瞬とはいえ自分の名前を忘れるなんて…)
,,
Dialog.DLC1-3-5,,(これ以上ここで戦闘員を演じるのは危険かもしれません…っ！、早く作戦を進めないと…)
,,
Dialog.DLC1-3-6,,(ですが……まだエレナ先輩の居場所は掴めていません…やはり下級戦闘員だと限界が…)
,,
Dialog.DLC1-3-7,,(………そのためにはもっと模範的な戦闘員として財団の為に働かないと……)
,,
Dialog.DLC1-3-8,,その時、ヒスイの後ろに男戦闘員が現れる。
,,
Dialog.DLC1-3-9,,(……！すみません、戦闘員が来たのでいったん切ります！)
,,
Dialog.DLC1-3-10,,「おっ、模範的下級戦闘員H46号ちゃんじゃん！ちょうどよかった」
,,
Dialog.DLC1-3-11,,「キィーーーーーーッ！何かご用でしょうか！？」
,,
Dialog.DLC1-3-12,男戦闘員,「俺今ちょっと溜まっててさあ？軽く性処理の相手してくれない？」
,,
Dialog.DLC1-3-13,,「き、キーーーッ！すみません、この後予定が…」
,,
Dialog.DLC1-3-14,,「まあいいじゃねーか、俺らから言っといてやるから。」
,,
Dialog.DLC1-3-15,,「そ、それなら…ではおチンポ失礼します！キーーーッ！」
,,
,暗転,暗転
,,
Dialog.DLC1-3-16,,H46号は口で戦闘員の相手を終える。
,,
Dialog.DLC1-3-17,戦闘員,「ふうっ、H46号ちゃんご苦労さん。」
,,
Dialog.DLC1-3-18,H46号,「キィーーーッ！ご満足いただけたでしょうか！」
,,
Dialog.DLC1-3-19,戦闘員,「あぁよかったよ…あ、そうだ！俺幹部怪人のエレナさんの所で働いてるんだけど…」
,,
Dialog.DLC1-3-20,,(エレナ…エレナ先輩…！？)
,,
Dialog.DLC1-3-21,戦闘員,「そこで一般市民向けのプロパガンダ映像取ってるんだけど…H46号ちゃんこういうの興味ない？」
,,
Dialog.DLC1-3-22,,「キィーーーーーーッ！H46号、非常に興味があります！」
,,
Dialog.DLC1-3-23,,「いいね！一般市民を逆レイプする女戦闘員役なんだけど…H46号ちゃんエロい体してるからぴったりだと思うよ」
,,
Dialog.DLC1-3-24,,「あとエレナさんも撮影に来るから…下級戦闘員が上級幹部に近くで会えることなんてなかなかないよ。」
,,
Dialog.DLC1-3-25,,(！…一般市民を逆レイプ…というのは気がかりですが……これはエレナ先輩に近づくチャンスです！)
,,
Dialog.DLC1-3-26,戦闘員,「キィーーーーーーッ！ぜひ撮影に参加させてください！」
,,
,暗転,
,,
Dialog.DLC1-3-27,風景(街中),財団撮影室
,,
Dialog.DLC1-3-28,ヒスイ(敬礼)(戦闘員×３),(……とうとう撮影日ですね…予定通りなら今日ここにエレナ先輩が……！)
,,
Dialog.DLC1-3-29,,(念のためダイヤさんにも連絡しておきましたが…)
,,
Dialog.DLC1-3-30,,(……今日が正念場ですっ…絶対にエレナ先輩に会わないと！)
,,
Dialog.DLC1-3-31,,その時大勢の戦闘員に囲まれて一人の女性が撮影室に入ってくる
,,
Dialog.DLC1-3-32,???(エレナ変身黒影),「さて……今日はプロパガンダAVの撮影ですね。」
,,
Dialog.DLC1-3-33,ヒスイ,「………………！！！」
,,
Dialog.DLC1-3-34,エレナ,「では撮影に入りましょうか。下級戦闘員、これも財団の大事な任務ですので気を抜かないように。」
,,
Dialog.DLC1-3-35,ヒスイ&戦闘員達,「「「キィーーーーーーッ！！！」」」
,,
Dialog.DLC1-3-36,ヒスイ,(………やっぱり！エレナ先輩っ！)
,,
Dialog.DLC1-3-37,,(それにあの格好……聖核戦姫に変身してる…！？)
,,
Dialog.DLC1-3-38,,(っ……事情は分かりませんが………エレナ先輩はまだっ……)
,,
Dialog.DLC1-3-39,,(………後は隙を見て近づけさえすれば…っ！)
,,
Dialog.DLC1-3-40,エレナ,「……では撮影を始めましょうか。まずは街で一般市民を襲う下級戦闘員達のシーンですね。」
,,
Dialog.DLC1-3-41,戦闘員達,「「「キィーーーーーーッ！」」」
,,
Dialog.DLC1-3-42,ヒスイ,「き、キィーーーーーーッ！」
,,
Dialog.DLC1-3-43,,(まずは怪しまれないように…もう少し、頑張りますっ！)
,,
,暗転,
,Hisui story DLC 4-1,
Dialog.DLC1-3-44,ヒスイ,「きぃ、きぃーーーーーっ！つ、つかまえました～～～！」
,,
Dialog.DLC1-3-45,男戦闘員,「ぐおおっ、く、くそおっ！」
,,
Dialog.DLC1-3-46,ヒスイ,「ほ、ほら服をぬいでくださ～～い！今からあなたは女戦闘員に、れ、れいぷされちゃいま～～～す！」
,,
Dialog.DLC1-3-47,,(～～～ああああっ！、死ぬほど恥ずかしいっ！！)
,,
Dialog.DLC1-3-48,男戦闘員,「ううっ、俺には妻と子供がいるのにっ、こんな変態女に無理やり犯されるなんて…っ！！」
,,
Dialog.DLC1-3-49,ヒスイ,(変態女って！私だってこんなことは…！)
,,
Dialog.DLC1-3-50,,(ううっ…下腹部に男の人のが……スーツ越しに伝わってきます…)
,,
Dialog.DLC1-3-51,ヒスイ,「はあっ♥、あなたの力じゃ♥、私には抵抗できませんからぁ…？」
,,
Dialog.DLC1-3-52,,(っ、あと少しでエレナ先輩の所へ行けるんですっ…最期の踏ん張りどころっ…)
,,
Dialog.DLC1-3-53,,「大人しく、あなたのっ、おちんぽっ♥、入れちゃいますよっ♥」
,,
Dialog.DLC1-3-54,,(……はあっ、今からこれが……私の中に……)
,,
Dialog.DLC1-3-55,,(パイズリは沢山してきましたけど…セックスまでするなんてっ……)
,,
Dialog.DLC1-3-56,ヒスイ,「はっ♥、はっ♥……！？」
,,
Dialog.DLC1-3-57,男戦闘員,「おい、いつまでマンコこすりつけて焦らしてんだ？とっとと本番シーンに移らねえと終わらねえだろうが。」
,,
Dialog.DLC1-3-58,ヒスイ,「っ♥！、わ、わかってますっ！あなたは今からレイプされるんです…からっ♥！」
,,
Dialog.DLC1-3-59,,そしてヒスイは意を決して自身の割れ目を棒の頂点へとあてがう
,,
Dialog.DLC1-3-60,ヒスイ,(う～～～っ、私のはじめてがっ、こんな事に……っ♥！)
,,
Dialog.DLC1-3-61,,(…でも、よく考えたら戦闘員スーツの上からだから…直接入ってるわけじゃない…はず！)
,,
Dialog.DLC1-3-62,,(そう！これはセックスなんかじゃない！それなら……っ♥！)
,,
Dialog.DLC1-3-63,,「はっ♥、はっ♥、じゃあ…入れます……よッ♥♥！」
,,
Dialog.DLC1-3-64,Hisui story DLC 4-2,ずっぷうっ♥♥！！！
,,
Dialog.DLC1-3-65,,「きゅううううっ～～～～～～～っっ♥♥！！」
,,
Dialog.DLC1-3-66,,ヒスイは腰を下ろして戦闘員のチンポを自身の中へ迎え入れる。
,,
Dialog.DLC1-3-67,ヒスイ,「はあっ♥、あっ♥、太いのっ♥、は、はいって…♥♥！」
,,
Dialog.DLC1-3-68,戦闘員,「おいおい何生娘みたいな反応してんだ？それでもお前下級戦闘員か？」
,,
Dialog.DLC1-3-69,ヒスイ,「んあっ♥、そうでしたっ♥、きぃーーーーーっ♥！私は……悪の戦闘員っ…ですっ♥！」
,,
Dialog.DLC1-3-70,,(ううっ……最悪っ♥…だけど………)
,,
Dialog.DLC1-3-71,H46号,「はあっ♥、はあっ♥、今からっ♥あなたの可哀そうなおちんぽっ♥、私のおマンコで搾り取っちゃいますっ♥！」
,,
Dialog.DLC1-3-72,,そしてH46号は戦闘員の上で腰を振り始める。
,,
Dialog.DLC1-3-73,Hisui story DLC 4-3,ヌルッ、パチュッ♥、パチュッ♥、パチュッ♥
,,
Dialog.DLC1-3-74,H46号,「お゛おっ♥、お゛うっ♥、おお～～～～っ♥♥」
,,
Dialog.DLC1-3-75,Hisui story DLC 4-4,(はあっ♥、はあっ♥、このおちんぽっ♥、奥まで届いて…初めてなのにっ…♥)
,,
Dialog.DLC1-3-76,,(おマンコがじんじんしてっ♥、気持ちいいっ…うっ♥、これも全部……変な洗脳されたせいっ……♥)
,,
Dialog.DLC1-3-77,Hisui story DLC 4-3,「はあっ♥、はあっ♥、おおっ♥、んあっ♥！」
,,
Dialog.DLC1-3-78,,(はあっ♥、っ、こんな姿をエレナ先輩に見られたら……っ♥)
,,
Dialog.DLC1-3-79,Hisui story DLC 4-4,(でもっ…これはスーツ越しだから…セックスじゃないっ……♥)
,,
Dialog.DLC1-3-80,,(怪しまれないようにしっかり演技…しないとっ♥)
,Hisui story DLC 4-7,
Dialog.DLC1-3-81,H46号,「はあっ♥、どうですかぁ♥、私の戦闘員おマンコっ♥」
,,
Dialog.DLC1-3-82,,「もうっ、あなたの奥さんのじゃ満足…できないですねッ♥」
,,
Dialog.DLC1-3-83,戦闘員,「ぐうっ、くそお！こんな奴にっ…」
,,
Dialog.DLC1-3-84,H46号,「ふふっ♥、ええと…続きをしてほしかったらぁ♥、わかってますよねっ♥！」
,,
Dialog.DLC1-3-85,戦闘員,「な、なんだっ？」
,,
Dialog.DLC1-3-86,H46号,「あなたも……我々フォーレン財団の戦闘員になるといいなさいっ♥」
,,
Dialog.DLC1-3-87,,「そうしたら…♥、毎日私達……女戦闘員とセックスし放題ですよ…♥」
,,
Dialog.DLC1-3-88,戦闘員,「ううっ、しかし私には妻と娘が…っ！」
,,
Dialog.DLC1-3-89,H46号,「キィーーーーッ！はいと言うまでやめてあげませんよッ♥、私は悪の女戦闘員なんですからっ♥！」
,,
Dialog.DLC1-3-90,戦闘員,「そんなあっ！女戦闘員はなんて卑劣なんだっ！」
,,
Dialog.DLC1-3-91,H46号,「ほらほらっ♥、はいと言うまでパコパコし続けますよっ！どうしますかぁ♥？」
,,
Dialog.DLC1-3-92,戦闘員,「…わ、わかった！戦闘員になるッ！だから勘弁してくれっ！」
,,
Dialog.DLC1-3-93,H46号,「ふふっ♥、よろしいっ♥！……では入隊のご褒美に……気持ちよく射精させてあげますっ♥」
,,
Dialog.DLC1-3-94,戦闘員,「そ、そんなあっ！」
,,
Dialog.DLC1-3-95,,そしてH46号は膣に力を入れ、戦闘員の射精を促すように激しく腰を動かしていく。
,,
Dialog.DLC1-3-96,,パチュッ♥、パチュッ♥、パチュッ♥！
,Hisui story DLC 4-3,
Dialog.DLC1-3-97,H46号,「はあっ♥、あっ♥、はあっ♥、んっ♥！」
,,
Dialog.DLC1-3-98,,(んっ♥、おちんぽが良い所にあたって…気持ちいいっ…♥)
,,
Dialog.DLC1-3-99,Hisui story DLC 4-4,(これが男戦闘員のちんぽ…♥、大きくて…強くて…普通に…好きになっちゃう…かも♥)
,,
Dialog.DLC1-3-100,,(はあっ♥、作戦途中なのに…こんな事…だめだけど…でも……)
,,
Dialog.DLC1-3-101,,(今は…“下級戦闘員H46号”だから……♥♥ちゃんとやらないと……♥)
,,
Dialog.DLC1-3-102,Hisui story DLC 4-7,(平和のためなら…少しくらい“気持ち良くなっても”…♥、いいですよね…っ♥)
,,
Dialog.DLC1-3-103,H46号,「はあっ♥、んっ♥、はやくっ♥、せいえきっ♥、だしてくださいっ♥」
,,
Dialog.DLC1-3-104,,(あっ♥、あっ♥、これっ、わたしもっ♥、おなかが…っ♥)
,,
Dialog.DLC1-3-105,,「んっ♥、そうしたらっ♥、ちゃんと財団の戦闘員になれますからっ…♥」
,,
Dialog.DLC1-3-106,,パチュッ♥、パチュッ♥、パチュッ♥、パチュッ♥！
,,
Dialog.DLC1-3-107,H46号,「はっ♥、あんっ♥、はっ♥、はっ♥…」
,,
Dialog.DLC1-3-108,,「んっ♥、んん～～～～ッ♥♥、はあっ♥、はあっ♥」
,,
Dialog.DLC1-3-109,戦闘員,「ぐうっ、で、出るっ」
,,
Dialog.DLC1-3-110,,ドブッ、ビュルルルッルッ！
,Hisui story DLC 4-5,
Dialog.DLC1-3-111,H46号,「んあっ♥おおっ♥！！」
,,
Dialog.DLC1-3-112,,(あっ♥、これ…せいえきが…私のおマンコの中にっ……出されてる……っ♥！！)
,,
Dialog.DLC1-3-113,,(スーツ越しに…♥、子宮の中まで叩きつけてきて…っ♥)
,,
Dialog.DLC1-3-114,H46号,「んあっ♥、お゛おおっ♥おおっ♥んんっ～～～♥！！」
,Hisui story DLC 4-8,
Dialog.DLC1-3-115,H46号,「はあっ♥、あっ♥、あはっ♥、沢山出ましたねっ♥」
,,
Dialog.DLC1-3-116,,「おめでとうございま～す♥、これであなたも財団の戦闘員ですね…っ♥」
,,
Dialog.DLC1-3-117,,「ふふっ♥、私と一緒に…♥、沢山悪い事しちゃいましょう…♥」
,,
,暗転,
,,
Dialog.DLC1-3-118,ヒスイ,(うぅ～～～～っ、演技…とはいえ…あんな事を…っ♥)
,,
Dialog.DLC1-3-119,戦闘員,「46号ちゃんいいねえ？初めてのAV撮影とは思えない演技だったよ。」
,,
Dialog.DLC1-3-120,ヒスイ,「き、きぃーーーーーっ！お褒め頂きありがとうございます！」
,,
Dialog.DLC1-3-121,戦闘員,「どう？この後スーツ脱いで生ハメセックスでも――――」
,,
Dialog.DLC1-3-122,ヒスイ,(！、エレナ先輩があそこに…今なら…！)
,,
Dialog.DLC1-3-123,,「キィ――――ッ！申し訳ありません！生ハメセックスをしたいのはやまやまですが、これより別の任務があるので…！」
,,
,暗転,
,,
Dialog.DLC1-3-124,,ヒスイはエレナが一人でいる隙を見つけ、彼女の元へ駆けつける
,,
Dialog.DLC1-3-125,ヒスイ,「っ、はあっ、はあっ、……」
,,
Dialog.DLC1-3-126,エレナ,「………………」
,,
Dialog.DLC1-3-127,ヒスイ,(……え、エレナ先輩…だよね？)
,,
Dialog.DLC1-3-128,エレナ,「……？下級戦闘員が私に何の用でしょうか？」
,,
Dialog.DLC1-3-129,ヒスイ,「…………………っ。」
,,
Dialog.DLC1-3-130,,「私ですっ！エレナ先輩……っ！」
,,
Dialog.DLC1-3-131,エレナ,「……………？下級戦闘員が一体何を言っているのですか？」
,,
Dialog.DLC1-3-132,ヒスイ,「ヒスイですっ！西園寺ヒスイ……生徒会で貴女の書記をしていた…！」
,,
Dialog.DLC1-3-133,エレナ,「…………！あぁ…なるほど。」
,,
Dialog.DLC1-3-134,,「………思い出しました。ヒスイさんですね。」
,,
Dialog.DLC1-3-135,ヒスイ,「…はい！やっぱり覚えていてくれたんですね…！」
,,
Dialog.DLC1-3-136,エレナ,「ええ。貴女は昔健気に私に尽くしてくれましたからね。」
,,
Dialog.DLC1-3-137,ヒスイ,「……エレナ先輩、貴女が財団の幹部なんて…本当は嘘ですよ…ね？」
,,
Dialog.DLC1-3-138,,「何か作戦があって……！今も聖核戦姫に変身して…」
,,
Dialog.DLC1-3-139,エレナ,「……ああ、コレですか」
,,
Dialog.DLC1-3-140,,「コレは過去の私の“コスプレ”です。私はもう聖核戦姫には変身できないので。」
,,
Dialog.DLC1-3-141,ヒスイ,「………え？」
,,
Dialog.DLC1-3-142,エレナ,「やれやれ……昔から思っていましたが。貴女は本当に愚かで無能ですね。」
,,
Dialog.DLC1-3-143,ヒスイ,「………なっ！？」
,,
Dialog.DLC1-3-144,エレナ,「まあ、そのおかげでわざわざ探す手間が省けたのは良い事です。」
,,
Dialog.DLC1-3-145,,その瞬間エレナから紫色の光が立ち昇り、彼女のからだを覆っていく
,,
Dialog.DLC1-3-146,ヒスイ,「なんで…っ、う、うそ……」
,,
Dialog.DLC1-3-147,エレナ,「………変身完了。さて、哀れで愚かな聖核戦姫には水槽の中に戻ってもらいましょう。」
,,
Dialog.DLC1-3-148,,「抵抗は無駄ですので大人しく拘束されなさい。わかっていると思いますが…貴女程度の力では私には絶対勝てませんので」
,,
Dialog.DLC1-3-149,ヒスイ,「…そ、そんな…っ」
,,
Dialog.DLC1-3-150,エレナ,「…どうやら聖核戦姫に変身もしないようですね。では――――！？」
,,
Dialog.DLC1-3-151,,ガッシャアアアアアンンン！！！
,,
Dialog.DLC1-3-152,,エレナがヒスイに切りかかろうとした瞬間、天井を突き破り、何かが部屋に侵入してくる
,,
Dialog.DLC1-3-153,エレナ,「――――！！」
,,
Dialog.DLC1-3-154,ヒスイ,「………！ダイヤさん！」
,,
Dialog.DLC1-3-155,ダイヤ,「見つけたぞ清藤エレナっ！！はあっ！！」
,,
Dialog.DLC1-3-156,エレナ,「なっ――――！？」
,,
Dialog.DLC1-3-157,エレナ(欠損),ダイヤが剣を翻すとエレナの手首が矛と共に切り落とされ宙に舞う
,,
Dialog.DLC1-3-158,エレナ,「――――っ！」
,,
Dialog.DLC1-3-159,ダイヤ,「私は聖核戦姫ダイヤモンド！清藤エレナ、貴様を聖核戦姫と平和への裏切りの罪により断罪する！」
,,
,,
,,
,,
,,ストーリーの間に挟まる短いストーリーみたいな感じ
,背景(廃墟),
Dialog.DLC2-0-1,エレナ(欠損),「っ……………！戦闘員！侵入者を排除しなさい！」
,,
Dialog.DLC2-0-2,ダイヤ,「無駄だッ――――！」
,,
Dialog.DLC2-0-3,,ダイヤが剣を振るうとあっという間に部屋の中にいた戦闘員は地面に崩れ落ちる
,,
Dialog.DLC2-0-4,エレナ,「……………！」
,,
Dialog.DLC2-0-5,ダイヤ,「周辺は完全に制圧した。清藤エレナ、抵抗は無駄だ。」
,,
Dialog.DLC2-0-6,エレナ,「………これは想定外ですね。」
,,
Dialog.DLC2-0-7,ダイヤ,「……ご苦労だったヒスイ。おかげで清藤エレナを追い詰めることが出来た。」
,,
Dialog.DLC2-0-8,ヒスイ,「はっ、はいっ……！」
,,
Dialog.DLC2-0-9,,「………でも…流石に腕を切るのは…やりすぎじゃ……」
,,
Dialog.DLC2-0-10,ダイヤ,「甘えたことを言うな。コイツは手加減して制圧できるような相手じゃない。」
,,
Dialog.DLC2-0-11,ヒスイ,「っ、でも…操られているだけかもしれないですしっ！何か事情が…」
,,
Dialog.DLC2-0-12,ダイヤ,「私情を挟むな！事情がどうあれ今はコイツは私達が倒すべき敵だ！」
,,
Dialog.DLC2-0-13,ヒスイ,「…っ…そうですね。」
,,
Dialog.DLC2-0-14,,「…清藤エレナ、貴様は捕虜として私達に付いてきてもらう。」
,,
Dialog.DLC2-0-15,エレナ,「…………私がこのまま大人しく捕虜になるとでも……？」
,,
Dialog.DLC2-0-16,,その瞬間、エレナの全身が脈動し、切られた腕の断面から肉が盛り上がる
,,
Dialog.DLC2-0-17,エレナ,「ッ、ウ゛ッッ……ッ！アアアアッッ！」
,,
Dialog.DLC2-0-18,ヒスイ,「え、エレナ先輩……？！」
,,
Dialog.DLC2-0-19,ダイヤ,「……………！」
,,
Dialog.DLC2-0-20,,そしてエレナの前身は赤く染まり、無数の触手がエレナの体から現れる
,,
Dialog.DLC2-0-21,エレナ(怪人),「ア゛アアアアッッ…！アアッ！」
,,
Dialog.DLC2-0-22,ヒスイ,「ひっ！？う、うそ……！」
,,
Dialog.DLC2-0-23,エレナ,「……変身完了…いえ、こちらが本当の姿と言った方が正しいですね。」
,,
Dialog.DLC2-0-24,ダイヤ,「…ッ、既に怪人になっていたか！」
,,
Dialog.DLC2-0-25,エレナ,「ええ、元の体は既に失われてしまったので。この体は私の遺伝子と触手細胞を使って産み出されました。」
,,
Dialog.DLC2-0-26,ヒスイ,「そ…んな…その体……」
,,
Dialog.DLC2-0-27,エレナ,「ふふっ、素晴らしいでしょう？怪人となる事によって私はより美しく完璧な肉体を手に入れました♥」
,,
Dialog.DLC2-0-28,,「さて、愚かな最後の聖核戦姫を仕留めましょうか♥…この力の前では聖核戦姫など取るに足りません。」
,,
Dialog.DLC2-0-29,ダイヤ,「………チッ…最初に手ではなく首を切っておくべきだったな。」
,,
Dialog.DLC2-0-30,,「―――――捕虜は無しだ。こうなった以上ここで仕留める！ヒスイ――――」
,,
Dialog.DLC2-0-31,ヒスイ,「はっ…でも……え、エレナ…先輩？」
,,
Dialog.DLC2-0-32,ダイヤ,「―――戦わないなら隅で大人しくしていろ！戦闘の邪魔だ！」
,,
Dialog.DLC2-0-33,ヒスイ,「っ……なんでっ……！」
,,
Dialog.DLC2-0-34,エレナ,「おや…？抵抗する気ですか？本気でこの私に勝てるとでも？」
,,
Dialog.DLC2-0-35,ダイヤ,「当たり前だ。――――貴様はここで仕留めるッ！」
,,
,暗転,
,,
Dialog.DLC2-0-36,,――――ダイヤとエレナの戦いが始まって数分後
,,
Dialog.DLC2-0-37,エレナ,「―――このっ！ちょこまかと鬱陶しいっ！」
,,
Dialog.DLC2-0-38,ダイヤ,「はあっ、はあっ、どうした？…それが圧倒的な怪人の力か？」
,,
Dialog.DLC2-0-39,エレナ,「聖核戦姫風情がっ！怪人を愚弄するなど――――！」
,,
Dialog.DLC2-0-40,ダイヤ,「はっ！パワーとスピードは私以上だが―――、脳の処理が追い付いていないなっ！」
,,
Dialog.DLC2-0-41,エレナ,「逃げるだけしかできない聖核戦姫がっ！思い上がるな――――ぐうっ！？」
,,
Dialog.DLC2-0-42,,エレナの体に矢が刺さり、触手の動きが一瞬止まる
,,
Dialog.DLC2-0-43,ダイヤ,「――――！はあああっ！」
,,
Dialog.DLC2-0-44,,その瞬間を逃さず、ダイヤはエレナの触手を数本切り落とす
,,
Dialog.DLC2-0-45,エレナ,「ぐうううっ！？このっ、小娘がッ！！」
,,
Dialog.DLC2-0-46,ヒスイ,「…はあっ、はあっ…私の矢は絶対に外れません…！」
,,
Dialog.DLC2-0-47,ダイヤ,「……！よくやったヒスイ！」
,,
Dialog.DLC2-0-48,ヒスイ,「私は……戦いますっ……聖核戦姫だからっ！」
,,
Dialog.DLC2-0-49,,「エレナ先輩と言えど…今はもうただの怪人……覚悟は決めました！」
,,
Dialog.DLC2-0-50,ダイヤ,「ヒスイは触手を狙え！！私が本体を斬る！」
,,
Dialog.DLC2-0-51,ヒスイ,「はいっ！」
,,
Dialog.DLC2-0-52,エレナ,「ぐうっ！聖核戦姫風情が調子に乗るなぁあッ！」
,,
Dialog.DLC2-0-53,,しかしダイヤとヒスイは着実にエレナの触手を切り落としていく
,,
Dialog.DLC2-0-54,ヒスイ,「諦めてくださいっ！聖核戦姫は負けませんっ！」
,,
Dialog.DLC2-0-55,ダイヤ,「勝つのは私達だっ！はああッッ――――！！」
,,
Dialog.DLC2-0-56,エレナ,「――――！」
,(フラッシュっぽいSE),
Dialog.DLC2-0-57,ダイヤ,「はあっ――――！――――！？」
,,
Dialog.DLC2-0-58,,ダイヤはエレナに向けていた剣を止め、後退する
,,
Dialog.DLC2-0-59,ダイヤ,「……これは――――！？」
,,
Dialog.DLC2-0-60,ヒスイ,「――？どうしたんですかダイヤさん！？」
,,
Dialog.DLC2-0-61,ダイヤ,「――――！逃げろヒスイッ！ヤツがここに――――！」
,,
Dialog.DLC2-0-62,,その瞬間、壁が破壊され、一直線にダイヤの方向へ何かが突っ込んでくる
,,
Dialog.DLC2-0-63,,ガアアンッッ！！！
,,
Dialog.DLC2-0-64,ヒスイ,「なっ――――！？」
,,
Dialog.DLC2-0-65,ダイヤ,「ぐううっっっ！！」
,,
Dialog.DLC2-0-66,那由多(シルエット→),「ふふっ…見つけました…♥」
,,
Dialog.DLC2-0-67,,「強い聖核戦姫のエネルギーを感じて来たのですが…やはり貴女でしたね。」
,,
Dialog.DLC2-0-68,,「おや…？後ろにももう一匹…！これは運がいいですね♥」
,,
Dialog.DLC2-0-69,ダイヤ,「――――ッ！早く逃げろ！ここは私が食い止める！」
,,
Dialog.DLC2-0-70,那由多,「おやおや？私から逃げられると思っているのですか？」
,,
Dialog.DLC2-0-71,ダイヤ,「財団の犬に成り下がった裏切り者が――――！聖核戦姫を舐めるなッ！」
,,
,,戦闘開始
,,
,,戦闘終了
,Daiya story DLC 1-0,
Dialog.DLC2-0-72,,戦闘が始まってから10分後――――
,,
Dialog.DLC2-0-73,那由多,「ふう……やれやれ、弱いくせに無駄にしぶとかったですね…おかげでもう一匹を逃がしてしまいました。」
,,
Dialog.DLC2-0-74,ダイヤ,「ゴフッ……ぐっ……わたし……は…負け…ない…」
,,
Dialog.DLC2-0-75,,ダイヤは那由多とエレナに完膚なきまでに敗れ、既に半分意識を失っていた。
,,
Dialog.DLC2-0-76,エレナ,「ハアッ……ハアッ……この女ッ！随分と手間をかけさせてくれましたね……！！」
,,
Dialog.DLC2-0-77,,ギチッ、ギチギチッ…！
,,
Dialog.DLC2-0-78,ダイヤ,「ごっ……カヒュッ………！」
,,
Dialog.DLC2-0-79,エレナ,「私の美しい触手を何本も…ッ！このまま絞め殺してあげましょうか……！」
,,
Dialog.DLC2-0-80,那由多,「エレナ、捕獲対象を殺すのは命令違反です。」
,,
Dialog.DLC2-0-81,エレナ,「コレの扱いは私の好きにさせてもらいます！腹の虫がおさまりませんから…ッ！」
,,
Dialog.DLC2-0-82,那由多,「…いえ、この聖核戦姫は私の管轄で引き取ります。」
,,
Dialog.DLC2-0-83,エレナ,「…っ！何故ッ！これは私の獲物ですッ！」
,,
Dialog.DLC2-0-84,那由多,「私が来なければ結構危なかったでしょう？その貸しだと思ってください。」
,,
Dialog.DLC2-0-85,エレナ,「――――ッ！この程度の敵に私が負けるとでもッ！？」
,,
Dialog.DLC2-0-86,那由多,「まあまあ、貴女も疲れているようですし…しばらく休んではどうです？」
,,
Dialog.DLC2-0-87,,「せっかく怪人に変身したのですから、貴女のご主人様に可愛がってもらっては？」
,,
Dialog.DLC2-0-88,,「繁殖して強い怪人を産むのも幹部の仕事ですから。私の方から頑張ってたから沢山可愛がってあげてと言っておきますよ？」
,,
Dialog.DLC2-0-89,エレナ,「…………わかりました。提案を受け入れましょう。コレは貴女が持って行ってください。」
,,
Dialog.DLC2-0-90,那由多,「ふふっ、ありがとうございます♥」
,,
Dialog.DLC2-0-91,那由多,「――――さて、残りは一人ですね。」
,,
Dialog.DLC2-0-92,,「ダイヤさん？貴女一人なら全力を出せば私から逃げ切れたかもしれないのに…冷静な貴女らしくないですね？」
,,
Dialog.DLC2-0-93,,「あの小娘に何を期待しているのか知りませんが…最後のあがきを楽しませてもらいましょうか。」
,,
DLC2-1,,
,,
Dialog.DLC2-1-1,,深夜、都市の路地裏にて
,,
Dialog.DLC2-1-2,ヒスイ(変身),「はあっ…はあっ……ここまでくれば……。」
,,
Dialog.DLC2-1-3,,「っ……ダイヤさん…私なんかをかばって……！」
,,
Dialog.DLC2-1-4,,「いえ…あれだけ強いダイヤさんならきっと逃げ切って――――」
,,
Dialog.DLC2-1-5,,その時、ヒスイは街中のモニターに映っている映像に気が付く
,,
,,
,,
,Daiya 1-1 ,
Dialog.DLC2-1-6,ダイヤ,「ひうっ、ぎゅううううううっ！？」
,,
Dialog.DLC2-1-7,那由多,「ふふっ♥、ダイヤさんもいい声で鳴くようになってきましたね」
,,
Dialog.DLC2-1-8,ダイヤ,「ふざけるっ…なあっ！私はっ…貴様らの思い通りになどっ……！」
,,
Dialog.DLC2-1-9,那由多,「貴女は強い聖核戦姫ですから…そう簡単に堕ちてもらっては困ります」
,,
Dialog.DLC2-1-10,ダイヤ,「ひぎゅうっ！聖核戦姫の誇りにかけてっ…私は絶対に…負けないっ……！」
,,
Dialog.DLC2-1-11,那由多,「ふふっ、頑張ってくださいね。さて………」
,,
Dialog.DLC2-1-12,京,「え～聞いてるかな？逃げたもう一人の聖核戦姫“西園寺ヒスイ”ちゃん？」
,,
Dialog.DLC2-1-13,,「ああ、心配しないでくれ。手足は逃げられないように空間転移させてるだけだよ」
,,
Dialog.DLC2-1-14,,「ご覧の通り強くて誇り高いダイヤちゃんは完全に負けてしまったわけだが…」
,,
Dialog.DLC2-1-15,,「……さて、仲間を見殺しにして逃げ伸びた君はこの後どうするのかな？」
,,
Dialog.DLC2-1-16,,「早く出頭しないと無意味にダイヤちゃんを苦しめちゃうかもね？そのまま逃げるのならそれでもいいけど。」
,,
Dialog.DLC2-1-17,ダイヤ,「ぐうっ、はあっ、はあっ…ヒスイっ…私は大丈夫……だっ！」
,,
Dialog.DLC2-1-18,,「お前の…やるべきことを……ひぎっ！」
,,
Dialog.DLC2-1-19,那由多,「……だそうです。健気な娘ですね？」
,,
Dialog.DLC2-1-20,京,「そういうわけだから。私の期待通り動いてくれたまえ。」
,,
,,
,,
Dialog.DLC2-1-21,ヒスイ,「………………ダイヤさんっ…！」
,,
Dialog.DLC2-1-22,,「そんな………ひどい………っ」
,,
Dialog.DLC2-1-23,,「いえ…彼らの思い通りになってはいけません……！」
,,
Dialog.DLC2-1-24,,「……私に託してくれたダイヤさんのためにも……最期まで戦いますっ！」
,,
,暗転,
,,
Dialog.DLC2-1-25,,清藤グループ秘密倉庫
,,
Dialog.DLC2-1-26,ヒスイ(戦闘員(マスク)),「キィーーーーーーッ！というわけで上級幹部、エレナ様の命令のもと、パワードスーツを秘密裏に点検することとなりました！」
,,
Dialog.DLC2-1-27,清藤グループ警備員,「そ、そうですか…ご苦労様です。」
,,
Dialog.DLC2-1-28,ヒスイ,「キィーーーーーーッ！それでは鍵を開けてく…」
,,
Dialog.DLC2-1-29,清藤グループ警備員,「おまちください！いくら戦闘員の方といえど簡単に開けるわけにはいきません！」
,,
Dialog.DLC2-1-30,,「せめて何か上級幹部からの指令である事が証明できるものは…」
,,
Dialog.DLC2-1-31,ヒスイ,(っ、そうでしたっ！…戦闘員の服を手に入れたから良いものの…あの時バタバタしてて結局エレナ先輩の指令という事を証明するものは持っていません…！)
,,
Dialog.DLC2-1-32,,(ど、どうしましょう…！)
,,
Dialog.DLC2-1-33,清藤グループ警備員,「…無いようでしたらセキュリティ上ここは通すことはできません」
,,
Dialog.DLC2-1-34,ヒスイ,(～～～～～っ！ええい！)
,,
,暗転,
,Hisui story DLC3-12,
Dialog.DLC2-1-35,,ヒスイは警備員の男の服を無理やり脱がせ、そのまま地面に押し倒す
,,
Dialog.DLC2-1-36,警備員,「っ、な、何するんですかっ！？」
,,
Dialog.DLC2-1-37,H46号,「キィーーーーーーッ！おっとすみません…体が勝手に…♥」
,,
Dialog.DLC2-1-38,H46号,「はあっ♥、はあっ♥…どうやら話合いで証明するのは無理のようなので…こちらで証明させていただきます♥」
,,
Dialog.DLC2-1-39,警備員,「はあ？何を言って――――」
,,
Dialog.DLC2-1-40,Hisui story DLC 3-13,ジュルッ！！
,,
Dialog.DLC2-1-41,警備員,「―――！？」
,,
Dialog.DLC2-1-42,H46号,「キィーーーーーーッ！意外とおチンポおっきいですねぇ♥」
,,
Dialog.DLC2-1-43,,(――――っ！……私、とっさにこんな……っ！？)
,,
Dialog.DLC2-1-44,,「ちゅぽっ、ジュルルッ♥あなたもっ…財団の戦闘員の素質ありますよっ♥」
,,
Dialog.DLC2-1-45,,(うっ…任務の為とはいえ……一般の男の人を押し倒して……！？)
,,
Dialog.DLC2-1-46,警備員,「や、やめてください！私には妻と娘が…ッ！」
,,
Dialog.DLC2-1-47,H46号,「キィーーーーーーッ！そんなこと今はどうでもいいですよねっ…♥」
,,
Dialog.DLC2-1-48,,(こんな時にっ……おまんこがうずいて……っ♥我慢できない……っ♥)
,,
Dialog.DLC2-1-49,,「早く私が財団の戦闘員だと認めてもらわなきゃいけないのでぇ…♥」
,,
Dialog.DLC2-1-50,,(そうっ♥…これは平和のために必要なことだから…♥……しょうがないですっ♥)
,,
Dialog.DLC2-1-51,警備員,「ぐっ、ううっ…しかし…！」
,,
Dialog.DLC2-1-52,,「強情なセキュリティですねっ…♥」
,,
Dialog.DLC2-1-53,,ジュルルッ♥、ジュポッ♥
,,
Dialog.DLC2-1-54,H46号,「どうれすかぁ♥、財団で訓練したパイズリフェラ…♥」
,,
Dialog.DLC2-1-55,,(…ううっ、ダイヤさんは今あんなことになってるのに…私はこんな破廉恥なっ♥)
,,
Dialog.DLC2-1-56,,(でも……これをしないとダイヤさんを救えないんです…♥)
,,
Dialog.DLC2-1-57,,ジュルルルッ♥、ズゾゾゾッ♥！！、ジュポッ♥、ジュポッ♥！
,,
Dialog.DLC2-1-58,,(そうっ…本当はこんな事やりたくないけど…これは目的を達成するために“絶対必要な事”…♥)
,,
Dialog.DLC2-1-59,,H46号は夢中で警備員のちんぽにむしゃぶりつく。
,,
Dialog.DLC2-1-60,,ジュルルッ♥ジュプッ♥、ジュルルッ♥、ジュルルルッ♥！！
,,
Dialog.DLC2-1-61,,「じゅるっ♥、れろおっ…♥ろうれすかぁ♥、私が戦闘員だとっ♥、理解できましたかぁ♥？」
,,
Dialog.DLC2-1-62,,「それともっ♥、じゅるっ♥、れろっ♥、もっとやらなきゃ…ジュルルルッ♥…分からないですかぁ♥？」
,,
Dialog.DLC2-1-63,警備員,「わ、わかった！分かりました！あなたが財団の戦闘員ってことは十分わかりました！」
,,
Dialog.DLC2-1-64,,「ですので、もうやめてください！倉庫は開けますのでっ！」
,,
Dialog.DLC2-1-65,,(やった！開けてもらえる…早くいかないと…！)
,,
Dialog.DLC2-1-66,,(……………でもお……♥)
,,
Dialog.DLC2-1-67,,ジュルルッ♥ジュプッ♥、ジュルルッ♥、ジュルッ♥、ズゾゾゾッッッ♥！
,,
Dialog.DLC2-1-68,H46号,「じゅぷっ♥、らめれすっ♥、……ここまでやったんれすからっ♥」
,,
Dialog.DLC2-1-69,警備員,「なあっ、そんなっ！」
,,
Dialog.DLC2-1-70,H46号,「ふふっ♥私は悪の戦闘員なのれえっ……ジュポッ♥…射精するまれ…付き合ってもらいますよっ♥」
,,
Dialog.DLC2-1-71,,ジュルルッ♥、ジュプッ♥、ジュルルッ♥、ジュルッ♥
,,
Dialog.DLC2-1-72,,(…私は何を……戦闘員だと認めてもらって開けてもらえるんだから……こんなことやめていいはず……)
,,
Dialog.DLC2-1-73,,(………いえ♥……今の私は聖核戦姫ではなく下級戦闘員H46号という“設定”ですから……)
,,
Dialog.DLC2-1-74,,(H46号として最後まで振舞わないと…怪しまれちゃいますよね………っ♥)
,,
Dialog.DLC2-1-75,警備員,「ぐうっ、や、やめてくださいっ！」
,,
Dialog.DLC2-1-76,H46号,「ふふっ♥、やめませんっ♥、私を疑った罰ですっ♥」
,,
Dialog.DLC2-1-77,,ジュルルッ♥、ジュルッ♥、チュプッ♥、ジュルルッ♥、ジュボボッ♥♥！！
,,
Dialog.DLC2-1-78,,(んっ♥、男性戦闘員さん達に比べたら微妙だけどっ♥、久しぶりの…おちんぽっ♥、美味しいっ…♥)
,,
Dialog.DLC2-1-79,,(夢中になっちゃう…はやくっ♥、精液もっ……欲しいっ……♥)
,,
Dialog.DLC2-1-80,H46号,ジュルルッ♥、ジュルルッ♥、ジュポ♥、ジュポッ♥
,,
Dialog.DLC2-1-81,警備員,「ううっ、で、出ますっ！」
,,
Dialog.DLC2-1-82,Hisui story DLC 3-14,ドプッ、ドビュルルルルルッッ！！
,,
Dialog.DLC2-1-83,H46号,「…………♥！！」
,,
Dialog.DLC2-1-84,,「んっ♥、じゅるっ♥、じゅぞぞっ♥、ちゅう～～～♥」
,,
Dialog.DLC2-1-85,,(♥！…精液はっ…♥尿道からしっかり搾り取るように♥…男性戦闘員に教えてもらいましたっ♥)
,Hisui story DLC 　3-15,
Dialog.DLC2-1-86,,「んむっ♥、じゅるっ♥、じゅぞぞっ♥、んん～～～～っ♥」
,,
Dialog.DLC2-1-87,,(ふふっ♥、私もパイフェラ上手くなりましたね…っ♥！)
,,
Dialog.DLC2-1-88,,(これで…私がスパイだってことは絶対ばれないはずです…♥！)
,,
Dialog.DLC2-1-89,警備員,「はあっ、はあっ、もういいでしょうっ！あなたが財団の戦闘員なことはわかりましたから！」
,,
Dialog.DLC2-1-90,H46号,「！……ふふっ♥、ごちそうさまでしたぁ♥」
,,
,,
,,
,暗転,
,背景(),
Dialog.DLC2-1-91,警備員,「……ううっ…疑って申し訳ありませんでした。………あなたは財団の戦闘員で間違いないでしょう。」
,,
Dialog.DLC2-1-92,H46号,「ふふっ♥、ありがとうございます。また私にフェラ抜きして欲しかったら…財団で待ってますから…♥」
,,
Dialog.DLC2-1-93,,(ふふっ♥……完全に騙せましたね♥)
,,
Dialog.DLC2-1-94,,「今扉を開けますので…どうぞお入りください。」
,,
Dialog.DLC2-1-95,,「……………！は、はい！」
,,
Dialog.DLC2-1-96,ヒスイ,(はっ！、そうでした…！騙して終わりじゃなくて…これから作戦を進めないと…！)
,,
Dialog.DLC2-1-97,,(えっと…そう！ダイヤさんが捕まってるので…早く助けに行かないと…！)
,,
Dialog.DLC2-1-98,,(っ……、ダイヤさんは今も財団でひどい目にあってるのに…何故私はあんな事に夢中に…)
,,
,,
,背景(),
Dialog.DLC2-1-99,ヒスイ,「これが清藤グループの開発していたパワードスーツ……」
,,
Dialog.DLC2-1-100,,「迷っている暇はありません…！早くダイヤさんを！」
,,
,,
,Hisui story DLC 5-1,
Dialog.DLC2-1-101,,「ええと……昔見た設計図通りなら……ここをこうして…」
,,
Dialog.DLC2-1-102,,「聖核エネルギー全開っ！システム起動！」
,,
Dialog.DLC2-1-103,,「う……動きました…！！」
,,
Dialog.DLC2-1-104,,「…っ、凄い力……これならあの生徒会長にも負けません…！」
,,
Dialog.DLC2-1-105,,「待っていてくださいダイヤさん！必ず貴女を…いえ、全ての聖核戦姫を開放します！」
DLC2-2,,
,財団本部,
Dialog.DLC2-2-1,,財団本部――――
,,
Dialog.DLC2-2-2,京,「というわけで下級戦闘員達は性処理させるもよし、こういう使い捨てる感じで運用するのが――――――――」
,,
Dialog.DLC2-2-3,戦闘員(通信),「緊急！緊急で連絡申し上げます！」
,,
Dialog.DLC2-2-4,京,「うわっ、びっくりした……最近はこういうの多いなあ？」
,,
Dialog.DLC2-2-5,SEL,「……何があった？」
,,
Dialog.DLC2-2-6,,「巨大なロボット兵器がこちらへ進行中！怪人や戦闘員を動員して迎え撃っていますが太刀打ちできません！」
,,
Dialog.DLC2-2-7,SEL,「どういうことだ？」
,,
Dialog.DLC2-2-8,京,「はてさて、一体何が起きているのやら…？」
,,
Dialog.DLC2-2-9,戦闘員(),「クローン戦闘員や並の怪人では対処できません！幹部の出動を要請します！」
,,
Dialog.DLC2-2-10,那由多,「一体どこにこんな戦力が…？私が直ちに出撃します。」
,,
Dialog.DLC2-2-11,京,「…………うん、今回は私も同行させてもらおうか。」
,,
Dialog.DLC2-2-12,那由多,「…珍しいですね？ものぐさな貴女が戦闘で出動など…」
,,
Dialog.DLC2-2-13,京,「今回は機械が相手のようだからね。私ももしかしたら役に立てるかもしれない？」
,,
Dialog.DLC2-2-14,,「まあ戦闘には期待しないで欲しいが……それより面白いものが見られそうだ。」
,,
,暗転,
,,
,,戦闘開始
,,負けイベ(VS巨大ロボ戦)
,,戦闘終了
,Hisui story DLC 5ｰ1,
Dialog.DLC2-2-15,ヒスイ,「はあああっ！」
,,
Dialog.DLC2-2-16,那由多,「っ……これは…！」
,,
Dialog.DLC2-2-17,京,「おやおや？那由多ともあろうものが苦戦するなんて珍しいね？」
,,
Dialog.DLC2-2-18,那由多,「…そう思ってるなら貴女も何か手伝ってもらえると助かるのですが…！」
,,
Dialog.DLC2-2-19,ヒスイ,「いけますっ！このまま一気に財団の本部までッ！」
,,
Dialog.DLC2-2-20,那由多,「ぐっ…！」
,,
Dialog.DLC2-2-21,京,「……“そろそろかな”？はじめちゃおうか…。」
,,
Dialog.DLC2-2-22,ヒスイ,「はあああっ！――――ッ！？」
,,
Dialog.DLC2-2-23,Hisui story DLC 5-2,京が指先を動かすと巨大ロボットが急停止する
,,
Dialog.DLC2-2-24,ヒスイ,「あれ、な、なんで…？」
,,
Dialog.DLC2-2-25,,「動かない…何で突然…！？」
,,
Dialog.DLC2-2-26,京,「第一段階…操縦権限移行……よし、ちゃんと機能してるね。では第二段階…操縦アシスト機能起動…と」
,,
Dialog.DLC2-2-27,,京がそう言うと操縦室から様々な機械が現れ、ヒスイの体に接続される
,,
Dialog.DLC2-2-28,ヒスイ,「ひぎゅっ…！？なっ…なにっ！？どうなって…！」
,,
Dialog.DLC2-2-29,京,「ご苦労さま、生徒会の書記ちゃん。このパワードスーツの操縦権限はもらったよ。」
,,
Dialog.DLC2-2-30,ヒスイ,「なっ！だれですか…！そ、そうはいきませんっ！こんな機械なんて――――っ！？」
,,
Dialog.DLC2-2-31,,その瞬間、ヒスイの頭の中に電流が走る
,,
Dialog.DLC2-2-32,,【H46号の命令違反を検出。行動は制限されます。】
,,
Dialog.DLC2-2-33,ヒスイ,「っ…！？なんで…体が…動かせない……！？」
,,
Dialog.DLC2-2-34,,「これは…この首輪のせい…？」
,,
Dialog.DLC2-2-35,京,「そう、書記ちゃんは今半分戦闘員になってるから…戦闘員の使用権限を持ってる私が遠隔でコントロールできちゃうんだよね。」
,,
Dialog.DLC2-2-36,ヒスイ,「うっ…そんなっ………！？」
,,
Dialog.DLC2-2-37,那由多,「はあっ…はあっ…。良く分かりませんが……上手くいったようですね？ありがとうございます京さん。」
,,
Dialog.DLC2-2-38,,「………しかし出来るなら最初からやってくれればよかったのでは？」
,,
Dialog.DLC2-2-39,京,「……ああ会長ね……“ちょっと大人しくしてて”」
,,
Dialog.DLC2-2-40,那由多,「…………？！」
,,
Dialog.DLC2-2-41,,ロボットから光線を放ち、那由多を吹き飛ばす
,,
Dialog.DLC2-2-42,那由多,「……っ！？な、なにを――――！？」
,,
Dialog.DLC2-2-43,京,「まあこれくらいじゃ死なないでしょ。一番めんどくさいのは会長だからね、ここで退場してもらうよ。」
,,
Dialog.DLC2-2-44,ヒスイ,「…なっ！？………あなたは、何が目的なんですか……！？」
,,
Dialog.DLC2-2-45,京,「あー、最後に説明してあげようか。」
,,
Dialog.DLC2-2-46,,「実は君とダイヤちゃんを財団から逃がしてあげたのは“私”なんだよね。」
,,
Dialog.DLC2-2-47,ヒスイ,「……！そんな…っ！？…なんで！？」
,,
Dialog.DLC2-2-48,京,「簡単に言うと私がフォーレン財団を乗っ取るためだよ。」
,,
Dialog.DLC2-2-49,,「財団内部は制限があって動きづらかったからね…このロボットの力を借りたってわけ。」
,,
Dialog.DLC2-2-50,,「これを動かすのには聖核戦姫の力が必要。でも聖核戦姫が乗ったら私が外からコントロールできない。」
,,
Dialog.DLC2-2-51,,「だから操縦者の書記ちゃんを聖核戦姫の力を持ったまま“下級戦闘員”として思い通りに動かせるようにしたんだよね。」
,,
Dialog.DLC2-2-52,,「聖核戦姫としての自意識を持たせながら中途半端に堕として戦闘員にするのはなかなか大変だったよ。」
,,
Dialog.DLC2-2-53,ヒスイ,「…そんなっ！？……じゃあ私とダイヤさんがやってきたことは……っ！？」
,,
Dialog.DLC2-2-54,京,「そう。全部計画通り。私の手のひらの上ってことだよ。」
,,
Dialog.DLC2-2-55,,「二人が何処にいるかもずっと把握してた。二人ともコマとして完全に思い通りに動いてくれたね。」
,,
Dialog.DLC2-2-56,ヒスイ,「うぅ…っ、そんな………っ……私達……っ！？」
,Hisui story DLC 5-4,
Dialog.DLC2-2-57,,「うぅ………うぎゅっ！？」
,,
Dialog.DLC2-2-58,京,「そういうわけだから…もうしばらく私の思い通りに動いてくれたまえ。書記ちゃん…いや“下級戦闘員H46号”ちゃん。」
,,
Dialog.DLC2-2-59,ヒスイ,「――――っ！？き、キィーーーーーーッ！？、ぐううっ！？」
,,
,,
,,
DLC2-3,,
,アジト,
Dialog.DLC2-3-1,,財団本部にて
,,
Dialog.DLC2-3-2,女戦闘員,「キィーーーーーーッ！報告します！幹部の那由多様が巨大ロボットに撃破された模様！なおこちらへ接近中です！」
,,
Dialog.DLC2-3-2(1),SEL,「……なんだと？」
,,
Dialog.DLC2-3-3,女戦闘員,「キィーーーーー…イッ…？？…ぎっ！？」
,,
Dialog.DLC2-3-3(1),SEL,「………どうした？」
,,
Dialog.DLC2-3-4,女戦闘員,「キッ…ぎっ…………ドクター、あ、あなたを拘束しますッ！」
,,
Dialog.DLC2-3-4(1),SEL,「……なんだと？」
,,
Dialog.DLC2-3-5,京(シルエット),「言葉通りの意味だよ。大人しく拘束されてね？」
,,
Dialog.DLC2-3-6,京,「戦闘員の命令権限は私に移しておいた。これで全てのクローンと戦闘員は私の管理下。」
,,
Dialog.DLC2-3-6(1),SEL,「……猫宮京、どういうつもりだ。なぜこんな事をした？」
,,
Dialog.DLC2-3-7,京,「おや、こんな事になっても冷静だね？流石ドクター。」
,,
Dialog.DLC2-3-8,,「別に深い理由なんてないよ。ただ私は思うんだよね……組織は“一番賢い人間”が管理すべきだって。」
,,
Dialog.DLC2-3-9,,「私は別に聖核戦姫として平和を守ることも、悪の科学者として世界の支配に加担することにも全く興味が無い。」
,,
,,
,,
Dialog.DLC2-3-10,,「ただ財団の資金と研究力は捨てがたいからね…私が全部貰頂こうってわけ。」
,,
,,
,,
Dialog.DLC2-3-11,,「他の怪人も幹部も全員私のコマ、戦闘員として再洗脳するつもりだ。」
,,
Dialog.DLC2-3-12,,「そういうわけで…今から私が最高権力者だから。ドクター、君も含め財団は十分に活用させてもらうよ。」
,,
Dialog.DLC2-3-12(1),DEL,「……そうか。わかった。」
,,
Dialog.DLC2-3-13,京,「話が分かるようで助かるよ。それじゃあ私に逆らわないように早速君にも洗脳を――――」
,,
Dialog.DLC2-3-14,,「……………あれ？」
,,
Dialog.DLC2-3-15,,「おかしい…何故戦闘員のコントロールが繋がらない…？」
,,
Dialog.DLC2-3-16,,「このシステムを構築したのは私のはず…欠陥なんてあるはずが……？」
,,
Dialog.DLC2-3-16(1),DEL,「貴様が戦闘員管理システムに何もしてないハズがないからな。当然バックアップは取ってある。」
,,
Dialog.DLC2-3-17,京,「……っ！想定内だよっ！私の方でもう一回書き換えるだけだっ！」
,,
Dialog.DLC2-3-17(1),SEL,「そうだな…しかし今の時間で数人の戦闘員のコントロール権限は取り戻した。」
,,
Dialog.DLC2-3-18,京,「…っ！H46号！今すぐ反逆者を無力化しろっ！」
,,
,,戦闘開始
,,(ヒスイロボ&ケイ(闇落ち))
,,戦闘終了
,,
Dialog.DLC2-3-19,京,「何をしているH46号っ！とっとと反逆者を取り押さえろっ――――ぐふっ！？」
,,
Dialog.DLC2-3-20,,しかし京はパワードスーツの巨大な手で逆に拘束される。
,,
Dialog.DLC2-3-20(1),SEL,「H46号の管理権限は私が上書きした。」
,,
Dialog.DLC2-3-21,京,「ぐっ…し、しまった……っ！」
,,
Dialog.DLC2-3-21(1),SEL,「貴様の行動は組織転覆を試みた重大な背信行為とみなす。」
,,
Dialog.DLC2-3-22,京,「………！あれ、これはちょっとまずい……？」
,,
Dialog.DLC2-3-22(1),SEL,「貴様の処遇は私が決めよう。反逆は問答無用で即時処刑だがな。」
,,
Dialog.DLC2-3-23,京,「……！い、いやこれはその…反逆とかじゃなくて…ただのセキュリティチェックの演習だ！」
,,
Dialog.DLC2-3-24,,「ほ、ほら！我々のシステムにはこういう脆弱性があるんだって！本番じゃなくてよかっただろ！？」
,,
Dialog.DLC2-3-25,,「私には生かしておく価値があるぞっ！チャンスをくれればいくらでも忠誠心を証明するっ！」
,,
Dialog.DLC2-3-25(1),SEL,「忠誠心とやらは刑罰が終わった後でゆっくりと聞かせてもらおう。」
,,
,暗転,
,Kei story DLC1ｰ０,
Dialog.DLC2-3-26,,財団地下施設にて
,,
Dialog.DLC2-3-27,京,「クソッ……か弱い少女に対してずいぶん大層な拘束じゃないか？」
,,
Dialog.DLC2-3-28,,「……しかし幸運なことに即刻処刑は無いようだ。それならいくらでもやりようはある。」
,,
Dialog.DLC2-3-29,,【対象の意識の覚醒を確認。只今より戦闘員化プログラムを開始します。】
,,
Dialog.DLC2-3-30,京,「！…そういう事か…？」
,,
Dialog.DLC2-3-31,,【戦闘員化プログラム中の不要な思考は禁止されます。】
,Kei story DLC1ｰ1,
Dialog.DLC2-3-32,,バチッ！、バチバチバチッ！！
,,
Dialog.DLC2-3-33,京,「ぐっ…！なるほどね……。私を戦闘員化装置で洗脳して組織に従せようと。」
,,
Dialog.DLC2-3-34,,【戦闘員化プログラム中の不要な思考は禁止されます。】
,,
Dialog.DLC2-3-35,,バチッ！、バチバチバチッ！！
,,
Dialog.DLC2-3-36,京,「でも残念だったね…この装置の設計者は私だ。当然システムの穴も知っているっ！」
,,
Dialog.DLC2-3-37,,「……逆に思考パターンを調整すればこの洗脳システムをハックできるはず…」
,,
Dialog.DLC2-3-38,,「そうと分かればまずは精神を集中させて……」
,,
Dialog.DLC2-3-39,,【対象者の身体をスキャン中。筋肉量及び胸部値の戦闘員平均値に対し大幅な不足を確認】
,,
Dialog.DLC2-3-40,,【戦闘員化プログラムの前に胸部の改造を行います】
,,
Dialog.DLC2-3-41,京,「なっ…！何だとっ失礼な…！？」
,,
Dialog.DLC2-3-42,Kei story DLC1-3,チィイイン……ビシュッッ！！！！！
,,
Dialog.DLC2-3-43,京,「ひぎゅうっ！？」
,,
Dialog.DLC2-3-44,京,「んあっ♥、そうかっ…！本来私ぐらいの体重と身長だと戦闘員としては規格に合わない……ッ！」
,,
Dialog.DLC2-3-45,,「それを無理やり改造しようとしているから……っ！？」
,,
Dialog.DLC2-3-46,,ジュッ！ジュウウウウウウウッ！！
,,
Dialog.DLC2-3-47,京,「お゛っ♥、おっぱいがっ…焼けるっ♥！！！」
,,
Dialog.DLC2-3-48,,【改造進行度３％、引き続き肉体改造を進行します。】
,,
Dialog.DLC2-3-49,,「ま、まずいっ♥、このままでは頭が無事でも体が終わってしまうっ♥！！」
,,
Dialog.DLC2-3-50,,「早く装置をハックして止めなければっ！！」
,,
Dialog.DLC2-3-51,,そして京は精神を集中させ洗脳装置への接続を試みるが――――
,,
Dialog.DLC2-3-52,,【対象者の脳波を測定中。規定数値を大幅に上回るIQを検出しました。】
,,
Dialog.DLC2-3-53,京,「…………っ！！」
,,
Dialog.DLC2-3-54,,【胸部改造と並行してIQ低下改造を実施します。】
,,
Dialog.DLC2-3-55,京,「なっ…！IQ低下っ！？」
,,
Dialog.DLC2-3-56,,「そんな機能はつけていなかったはずだっ！ドクターか？余計な機能を――――っ！？」
,,
Dialog.DLC2-3-57,,バチッ、バチバチバチッッ！！！
,,
Dialog.DLC2-3-58,京,「お゛ほっ！？、お゛っ♥、お゛お～～っ♥？！あ゛、あたまがっ…！？！！」
,,
Dialog.DLC2-3-59,,「や、やばいっ…♥！？、ただでさえおっぱいを改造されてるというのにっ♥！？」
,,
Dialog.DLC2-3-60,,「脳みそまで同時に改造されたらぁ…っ♥、抗えなくなってしまうっ……♥！！？」
,,
Dialog.DLC2-3-61,,バチッ、バチバチバチッッ！！！
,,
Dialog.DLC2-3-62,,「お゛っほっ！？、ま、まずいっ♥、乳首に快楽光線を発射されているせいでっ…♥思考がまとまらないっ…♥」
,,
Dialog.DLC2-3-63,,「あたまも改造されてっ…♥、IQがさがるっ♥、ばかになっちゃううぅぅ♥！？！？」
,,
Dialog.DLC2-3-64,,「お゛っ♥、やばっ♥、えへっ♥、乳首ッ♥、ビクビクしてるっ♥！？」
,,
Dialog.DLC2-3-65,,【脳改造進行度8%。改造は順調に進行中です。】
,,
Dialog.DLC2-3-66,,「ほ゛おっ♥！？ひぎぃいぃいっ♥！？」
,,
Dialog.DLC2-3-67,,「ぐっ♥、わらしはっ♥、あらがうぞっ♥、えへっ♥、この私がっ♥、あんな惨めなクソ雑魚戦闘員なんぞにっ♥、なってたまるかっ♥、お゛っ！？」
,,
Dialog.DLC2-3-68,,バチッ、バチバチバチッッ！！！
,,
Dialog.DLC2-3-69,,「ひっぎゅうううっ♥、やばいいいぃっ♥、頭のなかこねこねされてっ♥、ばかになるぅうううっ♥！？」
,,
Dialog.DLC2-3-70,,「ちくびもぉっ♥、れーじゃーやめろっ♥、私は上級幹部様だぞっ！！くしょがあああっ♥！！」
,,
Dialog.DLC2-3-71,,【改造は順調に進行中。規定数値に達するまで改造を継続します。】
,,
,暗転,
,,
Dialog.DLC2-3-72,Kei story DLC1-4,京への改造が始まってから数十時間後
,,
Dialog.DLC2-3-73,,ビクッ！……ビクッ！……ぷしゃああっっっ！
,,
Dialog.DLC2-3-74,京,「ほお゛っ…？お゛っ……ほえっ？？」
,,
Dialog.DLC2-3-75,,「あえ～～っ♥、お゛おっ♥、おっ♥、んあっ♥」
,,
Dialog.DLC2-3-76,,【胸部の肥大化と知能の低下が規定値に達しました。】
,,
Dialog.DLC2-3-77,京,「あえっ…♥？、おっ♥？、お♥？？お゛ほっ！？」
,,
Dialog.DLC2-3-78,Kei story DLC 1-5,ビュルルルッルッ！ドビュッ！！
,,
Dialog.DLC2-3-79,,京の改造されて肥大化した乳房から大量に母乳が噴き出る。
,,
Dialog.DLC2-3-80,,「ん゛おおおっ！？、お゛ほおおっ♥！！？にゃにが…おきてええっっっ♥？！！？」
,,
Dialog.DLC2-3-81,,【対象からの母乳の噴出を確認。調整失敗。戦闘員には適合しません。】
,,
Dialog.DLC2-3-82,,【不良品につき、対象は廃棄処分されます。】
,,
Dialog.DLC2-3-83,京,「お゛っ！？にゃ、にゃんでぇっ！？お゛おおっ♥」
,,
Dialog.DLC2-3-84,,【――――追加のコードにより命令が変更されました。不良品ですが、引き続き戦闘員化プログラムを開始します。】
,,
Dialog.DLC2-3-85,京,「えあっ♥！？にゃにをっ……！？ひぎゅっ！？」
,,
Dialog.DLC2-3-86,,【以後対象者を“下級戦闘員K22号”と呼称します。以後自身の事はK22号と呼称するように。】
,,
Dialog.DLC2-3-87,京,「はっ…！？や、やらっ！！私は下級戦闘員なんてっ、あんな惨めな存在に…ひぎゅっ！？」
,,
Dialog.DLC2-3-88,,【K22号、下級戦闘員の返事は全て絶対の肯定を表す“キィーーーーーッ”です。それ以外の発声は許可なしでは禁止されます。】
,,
Dialog.DLC2-3-89,京,「ふざけっ…るなあっ♥！！私は絶対…ひぎいっ♥！？」
,,
Dialog.DLC2-3-90,,京は必死に抵抗するが、知能の低下した今では思考することすらままならない。
,,
Dialog.DLC2-3-91,,バチバチバチッ！！
,,
Dialog.DLC2-3-92,,【K22号、下級戦闘員の返事は全て絶対の肯定を表す“キィーーーーーッ”です。それ以外の発声は許可なしでは禁止されます。】
,,
Dialog.DLC2-3-93,京,「お゛お゛っ、ぎっ、ぎぃいぃいっ、言わないっ…！私はっ…！」
,,
Dialog.DLC2-3-94,,バチバチバチッ！！
,,
Dialog.DLC2-3-95,,【K22号、下級戦闘員の返事は全て絶対の肯定を表す“キィーーーーーッ”です。それ以外の発声は許可なしでは禁止されます。】
,,
Dialog.DLC2-3-96,京,「お゛ほっ！？、き、き、…っ、ぐうっ！！！」
,,
Dialog.DLC2-3-97,,バチバチバチッ！！
,,
Dialog.DLC2-3-98,,【K22号、下級戦闘員の返事は全て絶対の肯定を表す“キィーーーーーッ”です。それ以外の発声は許可なしでは禁止されます。】
,,
Dialog.DLC2-3-99,京,「き、きいっ…！？ぐうううっ！！」
,,
Dialog.DLC2-3-100,,バチバチバチッ！！
,,
Dialog.DLC2-3-101,,【K22号、下級戦闘員の返事は全て絶対の肯定を表す“キィーーーーーッ”です。それ以外の発声は許可なしでは禁止されます。】
,,
Dialog.DLC2-3-102,,「お゛おおっ♥、お゛ほっ♥！？」
,,
Dialog.DLC2-3-103,京,【K22号、下級戦闘員の返事は全て絶対の肯定を表す“キィーーーーーッ”です。それ以外の発声は許可なしでは禁止されます。】
,,
Dialog.DLC2-3-104,,「ひぎゅううううっ♥！？やめ、やめへっっ♥お゛っ♥、いぎゅうううっ！？！？」
,,
Dialog.DLC2-3-105,,バチバチバチバチバチバチッ！！
,,
Dialog.DLC2-3-106,,【K22号、下級戦闘員の返事は全て絶対の肯定を表す“キィーーーーーッ”です。それ以外の発声は許可なしでは禁止されます。】
,,
Dialog.DLC2-3-107,,【K22号、下級戦闘員の返事は全て絶対の肯定を表す“キィーーーーーッ”です。それ以外の発声は許可なしでは禁止されます。】
,,
Dialog.DLC2-3-108,,【K22号、下級戦闘員の返事は全て絶対の肯定を表す“キィーーーーーッ”です。それ以外の発声は許可なしでは禁止されます。】
,,
Dialog.DLC2-3-109,,―――――――――――
,,
Dialog.DLC2-3-110,,――――――――
,,
Dialog.DLC2-3-111,,――――
,,
,暗転,
Dialog.DLC2-3-112,財団アジト,数十時間後――――
,,
Dialog.DLC2-3-113,明穂,「どうしたのドクター？面白いものが見れるって？」
,,
Dialog.DLC2-3-113(1),SEL,「すぐにわかる。――――命令だK22号、今すぐ指令室まで来い。」
,,
Dialog.DLC2-3-114,,そしてしばらくすると――――
,,
Dialog.DLC2-3-115,K22号(シルエット),「……………っ！！！」
,,
Dialog.DLC2-3-116,K22号,「きっ、キィーーーーーーッ！K22号、無事改造完了し、命令通り参上いたしました！」
,,
Dialog.DLC2-3-117,,K22号がピシッと敬礼を決め指令室に現れる。
,,
Dialog.DLC2-3-118,明穂,「……え？………まさか、京ちゃん？何やってるの？」
,,
Dialog.DLC2-3-119,K22号,「っ、見ての通りでありますっ！猫宮京は組織への反逆の罪により下級戦闘員K22号へと改造されましたっ！」
,,
Dialog.DLC2-3-120,,「上級幹部から12階級降格し、現在は最下級の戦闘員でありますっ！」
,,
Dialog.DLC2-3-121,,その瞬間、明穂は堰を切ったように笑いだす。
,,
Dialog.DLC2-3-122,明穂,「えっww、…うそでしょっ！？あのいつもすまし顔のケイちゃんがっwww、アハハハハッ！！！」
,,
Dialog.DLC2-3-123,,「キィーーーーーーッ！って？あははっ、wwwキィーーーーーーッ！だってwww」
,,
Dialog.DLC2-3-124,,「あはっ、しかも何！？そのバカみたいなおっぱいっwww、そんなので戦闘員できるのっwww？」
,,
Dialog.DLC2-3-125,K22号,「ぐうっ…！、わ、笑いすぎだっ！！」
,,
Dialog.DLC2-3-126,明穂,「あははっ！？え、下級戦闘員の京ちゃんが上級幹部様にそんなこと言っていいのwww？」
,,
Dialog.DLC2-3-127,,「あっ、今は戦闘員K22号だったね、アハハハハッwwww」
,,
Dialog.DLC2-3-128,K22号,「き、キィーーーーーーッ！上級幹部様に失礼な物言い、誠に申し訳ございませんでした……っ！」
,,
Dialog.DLC2-3-129,明穂,「あははははっっwww、またキィーーッ！だってwww、面白過ぎでしょっwww」
,,
Dialog.DLC2-3-129(1),SEL,「……どうやら気に入ってもらえたようだな。」
Dialog.DLC2-3-130,連続の選択肢ができないので妥協,...
Dialog.DLC2-3-130(1),SEL,「情けで自意識は残してある。知能もバックアップは取ってあるから復元も可能だ。」
,,
Dialog.DLC2-3-131(1),SEL,「下級戦闘員として戦果を挙げ、組織への忠誠心を示せばまた幹部に戻るチャンスを与えよう。」
,,
Dialog.DLC2-3-132,K22号,「ぐうっ…キィーーーーーーッ！寛大な処遇にしていただき…誠にありがとうございます……ッ！」
,,
Dialog.DLC2-3-132(1),SEL,「配置は…そうだな、さっき新設したクローン戦闘員072号の部隊でいいだろう。」
,,
Dialog.DLC2-3-133,072号(隣に3人位戦闘員の立ち絵),「―――了解いたしました。下級戦闘員K22号を我が隊の隊員として受け入れます。」
,,
Dialog.DLC2-3-134,,「K22号、挨拶を。」
,,
Dialog.DLC2-3-135,K22号,「キィーーーーーーッ！新たに配属されましたK22号です！よろしくお願いいたします！」
,,
Dialog.DLC2-3-136,,(くうううううっ！！！何故私がクローンなんぞに頭を下げなければいけないんだっ……！)
,,
Dialog.DLC2-3-137,072号,「よろしい。データによると戦闘力はかなり低いので…最初は簡単な基礎訓練からですね。」
,,
Dialog.DLC2-3-138,明穂,「あははっ、頑張ってね～～～デカパイおバカ戦闘員K22号ちゃん♥」
,,
Dialog.DLC2-3-139,,「あっ、そうだ、K22号ちゃん肝心なもの忘れてるよ！」
,,
Dialog.DLC2-3-140,,そう言うと明穂はK22号に戦闘員の仮面を被せる
,,
Dialog.DLC2-3-141,K22号(戦闘員仮面付き),「キィーーーーーーッ！あ、ありがとうございますっ………！」
,,
Dialog.DLC2-3-142,明穂,「あははははっっwww、お面つけると完全に戦闘員じゃんwww」
,,
Dialog.DLC2-3-143,072号,「ふむ…。その貧弱な体に不釣り合いな胸部で戦闘が出来るか非常に疑問ではありますが…」
,,
Dialog.DLC2-3-144,,(っ！、うううううっ！！！好き勝手言いやがって！！！)
,,
Dialog.DLC2-3-144(1),SEL,「……下級戦闘員K22号。財団への忠誠心を示せるように072号の下で任務遂行に全力を尽くせ。」
,,
Dialog.DLC2-3-145,K22号,「キィーーーーーーッ！下級戦闘員K22号、財団のため、全力で取り組んでまいりますっ！！」
,,
Dialog.DLC2-3-146,,改造されたK22号は命令に対して反射的に完璧な戦闘員の敬礼で応じてしまう
,,
Dialog.DLC2-3-146(1),SEL,「……ふう、これで事件もひと段落だな。」
,,
Dialog.DLC2-3-147,,その後、財団はさらに勢力を広げる中で、K22号は下級戦闘員として072号の部隊で任務に従事するのだった
,,
Dialog.DLC2-3-148,,――――――――
,,
Dialog.DLC2-3-149,,――――
,,
Dialog.DLC2-3-150,,ー