Key,Comment,Japanese,Japanese_Steam,English
Nayuta Fallen Scene,注釈,闇堕ちシーン,闇堕ちシーン,闇堕ちシーン
Nayuta.Fallen1-1,暗転,那由多は財団に捕らえられ、地下深くの施設に厳重に拘束されていた,那由多は財団に捕らえられ、地下深くの施設に厳重に拘束されていた,Nayuta was captured by the Foundation and held tightly in a facility deep underground.
,Nayuta darkness 1-1,,,
Nayuta.Fallen1-2,那由多,(……この鎖…かなり丈夫な素材で作られていますね…),(……この鎖…かなり丈夫な素材で作られていますね…),(...... this chain... it is made of a very strong material...)
,,,,
Nayuta.Fallen1-3,,(……………とはいえこの程度なら変身さえすれば破壊できるでしょう),(……………とはいえこの程度なら変身さえすれば破壊できるでしょう),"(Even though it is ..............., this level of destruction will be possible as long as it is transformed.)"
,,,,
Nayuta.Fallen1-4,,(…聖核エネルギーを貯めて……脱出できればこのアジト程度すぐにでも壊滅させられるでしょう。),(…聖核エネルギーを貯めて……脱出できればこのアジト程度すぐにでも壊滅させられるでしょう。),"(...If we can store the Seikaku energy and escape from ......, we can destroy this hideout immediately...)"
,,,,
Nayuta.Fallen1-5,,(……脅威になりえるのはエレナぐらいですが…次は油断しません！),(……脅威になりえるのはエレナぐらいですが…次は油断しません！),(......The only one who could be a threat is Erena... but I won't let my guard down next time!)
,,,,
Nayuta.Fallen1-6,,その時、部屋にスピーカーで声が響く,その時、部屋にスピーカーで声が響く,"At that moment, a voice echoes through the speakers in the room"
,,,,
Nayuta.Fallen1-7,戦闘員,「おう、おとなしく拘束されてるな！最強の聖核戦姫が良いざまだ」,「おう、おとなしく拘束されてるな！最強の聖核戦姫が良いざまだ」,"Oh, she's being held up quietly! The most powerful Seikaku Princess is in good shape."""
,,,,
Nayuta.Fallen1-8,那由多,「…………っ！」,「…………っ！」,"""............!"""
,,,,
Nayuta.Fallen1-9,戦闘員,「これまで狩りの対象でしかなかった相手に敗北して拘束されるのはどんな気分だ？」,「これまで狩りの対象でしかなかった相手に敗北して拘束されるのはどんな気分だ？」,"How does it feel to be defeated and held captive by someone you've only ever hunted?"""
,,,,
Nayuta.Fallen1-10,那由多,「……………これも私の未熟ゆえ…何も言うことはありません」,「……………これも私の未熟ゆえ…何も言うことはありません」,"............... this is also due to my inexperience...I have nothing to say."""
,,,,
Nayuta.Fallen1-11,戦闘員,「…まあいい…さて、これからのお前の処遇だが…」,「…まあいい…さて、これからのお前の処遇だが…」,"Well, now, what's going to happen to you?"""
,,,,
Nayuta.Fallen1-12,戦闘員,「お前は俺達にとっての最大の障害だったからな。いつもは洗脳調教して戦力にするつもりだったが今回は無しだ」,「お前は俺達にとっての最大の障害だったからな。いつもは洗脳調教して戦力にするつもりだったが今回は無しだ」,"You've been our biggest obstacle. Normally, we would have brainwashed and trained you to be a force to be reckoned with, but not this time."""
,,,,
Nayuta.Fallen1-13,那由多,「………………？」,「………………？」,"""..................?"""
,,,,
Nayuta.Fallen1-14,戦闘員,「お前はそこで俺達が世界征服するのをただ指をくわえて見ていればいい」,「お前はそこで俺達が世界征服するのをただ指をくわえて見ていればいい」,"You can just sit there and watch us take over the world with your fingers crossed."""
,,,,
Nayuta.Fallen1-15,那由多,「………っ！」,「………っ！」,""".........!"""
,,,,
Nayuta.Fallen1-16,,(…いえ、焦る必要はありません。精神を集中して聖核エネルギーを貯める。やるべきことをやるだけです),(…いえ、焦る必要はありません。精神を集中して聖核エネルギーを貯める。やるべきことをやるだけです),"(...No, there is no need to rush. Concentrate your mind and store the Seikaku energy. Just do what you have to do.)"
,,,,
Nayuta.Fallen1-17,戦闘員,「ああ、そういやお前に一つやってもらいたいことがあるんだが…」,「ああ、そういやお前に一つやってもらいたいことがあるんだが…」,"'Oh, well, there's one thing I need you to do...'"
,,,,
Nayuta.Fallen1-18,那由多,「…………？」,「…………？」,"""............?"""
,暗転,,,
Nayuta.Fallen1-19,Nayuta darkness 1-2,そして、何かが部屋に入ってくる,そして、何かが部屋に入ってくる,And then something comes into the room.
,,,,
Nayuta.Fallen1-20,???,「グギャッ、グギャッ！」,「グギャッ、グギャッ！」,"Ggah, ggah!"""
,,,,
Nayuta.Fallen1-21,那由多,「……っ！…これは？」,「……っ！…これは？」,"""......! ...what's this?"""
,,,,
Nayuta.Fallen1-22,戦闘員,「こいつはある聖核戦姫に産ませた怪人だが…性欲だけ強くて何の役にも立たねえんだ」,「こいつはある聖核戦姫に産ませた怪人だが…性欲だけ強くて何の役にも立たねえんだ」,"He's a monster I birthed for a certain Seikaku Princess, but he's useless to me because he's got a strong libido."
,,,,
Nayuta.Fallen1-23,,「どうせ暇ならコイツの相手をしておいてくれ。なに、戦闘力は全く無いから安心しろ」,「どうせ暇ならコイツの相手をしておいてくれ。なに、戦闘力は全く無いから安心しろ」,"If you're not busy, you can deal with him. Don't worry, he's not a fighter at all."
,,,,
Nayuta.Fallen1-24,ゴブリン型怪人,「グギャッ、グギャッ！？」,「グギャッ、グギャッ！？」,"Ggah, ggah!"""
,,,,
Nayuta.Fallen1-25,那由多,「………そのようですね」,「………そのようですね」,"......... seems to be the case."""
,,,,
Nayuta.Fallen1-26,,(……まあこの程度の怪人なら相手にするべくもないでしょう),(……まあこの程度の怪人なら相手にするべくもないでしょう),"(...... Well, if it's a monster of this caliber, it's probably not worth the effort.)"
,,,,
Nayuta.Fallen1-27,,(…適当にオーラで威圧して上下関係を教え込みましょうか),(…適当にオーラで威圧して上下関係を教え込みましょうか),(...should we use an appropriate aura to intimidate them and teach them about hierarchy?)
,,,,
Nayuta.Fallen1-28,ゴブリン型怪人,「ギャッ！ギャッ！」,「ギャッ！ギャッ！」,"Gah! Gah!"""
,,,,
Nayuta.Fallen1-29,那由多,「―――――黙りなさい」,「―――――黙りなさい」,"""――――― shut up."""
,,,,
Nayuta.Fallen1-30,,那由多の威圧感のある声で怪人が一瞬動きを止める,那由多の威圧感のある声で怪人が一瞬動きを止める,Nayuta's intimidating voice causes the monster to stop moving for a moment.
,,,,
Nayuta.Fallen1-31,ゴブリン型怪人,「グギャッ！？」,「グギャッ！？」,"Ggah!"""
,,,,
Nayuta.Fallen1-32,那由多,「―――そこの矮小な怪人。目の前にいるのは最強の聖核戦姫、八雲那由多です」,「―――そこの矮小な怪人。目の前にいるのは最強の聖核戦姫、八雲那由多です」,"""―――― you diminutive monster there. In front of you is the strongest Seikaku Princess, Yakumo Nayuta."""
,,,,
Nayuta.Fallen1-33,,「これからこの部屋で一切の言葉を発することを禁じます。部屋の隅で静かに―――――」,「これからこの部屋で一切の言葉を発することを禁じます。部屋の隅で静かに―――――」,"From now on, no words of any kind are allowed in this room. Quietly in the corner of the room: ―――――"""
,,,,
Nayuta.Fallen1-34,Nayuta darkness 1-３,ズボッッ！！！グリュリュッッ！,ズボッッ！！！グリュリュッッ！,Zubotsuk! Gruelggghhhh!
,,,,
Nayuta.Fallen1-35,那由多,「ひっぎいっ！？おあっ？？お゛お゛おぉっ！？」,「ひっぎいっ！？おあっ？？お゛お゛おぉっ！？」,"""Hi―gi―yi! Ooooh? Oh, oh, oh, oh!"
,,,,
Nayuta.Fallen1-36,ゴブリン型怪人,「ゲギャッ！ギャギャ！」,「ゲギャッ！ギャギャ！」,"Geegawd! Ggagh!"""
,,,,
Nayuta.Fallen1-37,那由多,「――――はっ？、え、何をっ！？」,「――――はっ？、え、何をっ！？」,"""―――― what? What?"
,,,,
Nayuta.Fallen1-38,,一瞬の出来事に那由多は何が起きたのかを理解できない,一瞬の出来事に那由多は何が起きたのかを理解できない,"In a split second, Nayuta can't understand what happened."
,,,,
Nayuta.Fallen1-39,那由多,「…は？腕が……？なん…でっ？」,「…は？腕が……？なん…でっ？」,"I'm like, ""...what? My arm is ......? What...?"""
,,,,
Nayuta.Fallen1-40,ゴブリン型怪人,「ギャギャギャ♪」,「ギャギャギャ♪」,"♪ Gah, gah, gah ♪"
,,,,
Nayuta.Fallen1-41,,グチュッ、グチュッ、グチュッ！,グチュッ、グチュッ、グチュッ！,"Gut, gut, gut!"
,Nayuta darkness 1-4,,,
Nayuta.Fallen1-42,那由多,「お゛お゛っ！？やめっ、私の中をっ、いじくるなっ！！」,「お゛お゛っ！？やめっ、私の中をっ、いじくるなっ！！」,"""Ooooh! Stop, you're messing with my insides!"
,,,,
Nayuta.Fallen1-43,,「グギャッ！グギャッ！グギャッ！」,「グギャッ！グギャッ！グギャッ！」,"Ggagh! Guggah! Guggach!"""
,,,,
Nayuta.Fallen1-44,那由多,「ほお゛お゛っ！、これっ、子宮に直接っ♥！？」,「ほお゛お゛っ！、これっ、子宮に直接っ♥！？」,"""Oh, oh, oh, oh! This is directly in my womb!"
,,,,
Nayuta.Fallen1-45,,コリュッ、コリュッ,コリュッ、コリュッ,"Korück, korück."
,,,,
Nayuta.Fallen1-46,那由多,「んお゛お゛っ♥、やめっ♥、離しなさいっ♥！」,「んお゛お゛っ♥、やめっ♥、離しなさいっ♥！」,"""Oh, oh, oh, oh, oh, stop it, stop it, let go of me!"""
,,,,
Nayuta.Fallen1-47,,那由多の声に耳を貸さず、怪人は無邪気な子供のように那由多の膣内をまさぐり続ける,那由多の声に耳を貸さず、怪人は無邪気な子供のように那由多の膣内をまさぐり続ける,"Without listening to Nayuta's voice, the monster continues to play with Nayuta's vagina like an innocent child."
,,,,
Nayuta.Fallen1-48,那由多,「んあ゛っ♥お゛っ♥、お゛♥」,「んあ゛っ♥お゛っ♥、お゛♥」,"""Aaahh ♥ oohh ♥, oohh ♥."""
,,,,
Nayuta.Fallen1-49,ゴブリン型怪人,「ギャギャギャ！」,「ギャギャギャ！」,"Gah―gah!"""
,,,,
Nayuta.Fallen1-50,那由多,「ひぎゅううううううっっっっっ♥♥♥！！！」,「ひぎゅううううううっっっっっ♥♥♥！！！」,
,,,,
Nayuta.Fallen1-51,Nayuta darkness 1-5,プシッ、プシュウウウウウッ♥！,プシッ、プシュウウウウウッ♥！,"Pshhhh, pshhhhhh ♥!"
,,,,
Nayuta.Fallen1-52,ゴブリン型怪人,「ギャッ♪　ギャッ♪」,「ギャッ♪　ギャッ♪」,♪ Gah ♪ ♪ Gah ♪
,,,,
Nayuta.Fallen1-53,那由多,「お゛おっ………お゛っ♥」,「お゛おっ………お゛っ♥」,"Ooooh ......... Ooooh ♥"""
,Nayuta darkness 1-6,,,
Nayuta.Fallen1-54,那由多,「―――――っ！、私ッ、今この怪人にっ…絶頂…させられた！？」,「―――――っ！、私ッ、今この怪人にっ…絶頂…させられた！？」,I just had a climax......made by this monster! I've just been made to climax by this monster!
,,,,
Nayuta.Fallen1-55,,「ぐううっ、私がっ…こんな雑魚にっ…」,「ぐううっ、私がっ…こんな雑魚にっ…」,"""Ugh, I... such a small fish..."""
,,,,
Nayuta.Fallen1-56,ゴブリン型怪人,「ゲギャッ♪　ゲギャッ♪」,「ゲギャッ♪　ゲギャッ♪」,♪ Geegaw ♪ ♪ Geegaw ♪
,,,,
Nayuta.Fallen1-57,那由多,「っ、こんな屈辱っ、ぐうっ、絶対に許さな―――――」,「っ、こんな屈辱っ、ぐうっ、絶対に許さな―――――」,I'll never forgive this humiliation. ―――――
,Nayuta darkness 1-7,,,
Nayuta.Fallen1-58,那由多,「んお゛お゛っ！？んん゛！？」,「んお゛お゛っ！？んん゛！？」,"""Aaah! D― d― d― d―?"
,,,,
Nayuta.Fallen1-59,ゴブリン型怪人,「ギャギャギャ♪♪」,「ギャギャギャ♪♪」,"♪ Gah, gah, gah ♪"
,Nayuta darkness 1-8,,,
Nayuta.Fallen1-60,那由多,「なっ！？、コイツッ、のペニス…が私の中にっ！？」,「なっ！？、コイツッ、のペニス…が私の中にっ！？」,"""What? He's got his penis inside me!"
,,,,
Nayuta.Fallen1-61,那由多,「っ、今すぐその汚いものを抜きなさいっ！」,「っ、今すぐその汚いものを抜きなさいっ！」,"Pull that filthy thing out now!"""
,,,,
Nayuta.Fallen1-62,,那由多は怪人を振り落とそうと必死に腰を動かす,那由多は怪人を振り落とそうと必死に腰を動かす,Nayuta moves her hips frantically trying to shake off the monster.
,,,,
Nayuta.Fallen1-63,ゴブリン型怪人,「ギャギャ？ギャッ！ギャッ！！」,「ギャギャ？ギャッ！ギャッ！！」,"Gah―gah?"" Gah! Gah!!!"""
,Nayuta darkness 1-7,,,
Nayuta.Fallen1-64,那由多,パンッ♥、パンッ♥、パンッ♥、パンッ♥！,パンッ♥、パンッ♥、パンッ♥、パンッ♥！,"Pang ♥, pang ♥, pang ♥, pang ♥!"
,,,,
Nayuta.Fallen1-65,,「んおっ♥！、おっ♥、やめっ♥、腰をっ…振るなぁっ♥！」,「んおっ♥！、おっ♥、やめっ♥、腰をっ…振るなぁっ♥！」,"""Oh, oh, oh! Don't... don't... don't... don't shake your hips!"
,,,,
Nayuta.Fallen1-66,,怪人は那由多が抵抗するほど強くしがみつき、腰を激しく振る,怪人は那由多が抵抗するほど強くしがみつき、腰を激しく振る,"The monster clings to Nayuta so tightly that she resists, and shakes her hips violently."
,Nayuta darkness 1-8,,,
Nayuta.Fallen1-67,,「んあっ゛♥、んっ♥、くうううっ♥、私がぁ♥、こんな雑魚にイかされるなどっ♥、あってはいけません♥♥！！」,「んあっ゛♥、んっ♥、くうううっ♥、私がぁ♥、こんな雑魚にイかされるなどっ♥、あってはいけません♥♥！！」,I can't let this little fish make me come!
,,,,
Nayuta.Fallen1-68,,パンッ♥、パンッ♥、パンッ♥、パンッ♥！,パンッ♥、パンッ♥、パンッ♥、パンッ♥！,"Pang ♥, pang ♥, pang ♥, pang ♥!"
,,,,
Nayuta.Fallen1-69,ゴブリン型怪人,「ギャギャ！ギャッ！」,「ギャギャ！ギャッ！」,"Gah! Gah!"""
,,,,
Nayuta.Fallen1-70,,怪人は那由多の反応を頼むように、更に激しく那由多の子宮を突き上げる,怪人は那由多の反応を頼むように、更に激しく那由多の子宮を突き上げる,"The monster thrusts Nayuta's womb even harder, as if to beg for a reaction from her."
,,,,
Nayuta.Fallen1-71,那由多,「お゛っ♥、お゛っ♥、お゛っ♥、まって♥、止まりなさいっ♥」,「お゛っ♥、お゛っ♥、お゛っ♥、まって♥、止まりなさいっ♥」,"""D―D―D―D―D―Don't, don't, don't, don't, don't, don't, don't, don't, don't, don't, don't, don't, don't, don't."""
,,,,
Nayuta.Fallen1-72,,徐々に怪人のチンポが熱を帯び、ブルブルと振動し始める,徐々に怪人のチンポが熱を帯び、ブルブルと振動し始める,"Gradually, the monster's cock begins to heat up and vibrate with a buzzing sound"
,,,,
Nayuta.Fallen1-73,ゴブリン型怪人,「ギャギャッ！、ギャギャッ！」,「ギャギャッ！、ギャギャッ！」,"""Gah―gah! Gah―gah!"""
,,,,
Nayuta.Fallen1-74,那由多,「――――な、何をしようとっ♥、――――っ、まさか！？」,「――――な、何をしようとっ♥、――――っ、まさか！？」,"""――――, what are you doing ♥, ――――, no way!"""
,,,,
Nayuta.Fallen1-75,,「っ、やめなさ―――――」,「っ、やめなさ―――――」,Stop it. ―――――
,Nayuta darkness 1-9,,,
Nayuta.Fallen1-76,,ドビュルルルッルルッ！ビュルッ、ドビュルルルッ！,ドビュルルルッルルッ！ビュルッ、ドビュルルルッ！, 
,,,,
Nayuta.Fallen1-77,那由多,「お゛お゛お゛お゛っ！？？、子宮にッ♥、精子がッ♥！？」,「お゛お゛お゛お゛っ！？？、子宮にッ♥、精子がッ♥！？」,"""Oh, oh, oh, oh, oh, oh, oh! Sperm in my womb!"
,,,,
Nayuta.Fallen1-78,ゴブリン,「ギャギャギャッ！！、ギャッ！」,「ギャギャギャッ！！、ギャッ！」,"""Gah, gah, gah! Gah―gah!"""
,,,,
Nayuta.Fallen1-79,那由多,「お゛お゛っ♥！？、しゃせいっ♥、ながいっ！？」,「お゛お゛っ♥！？、しゃせいっ♥、ながいっ！？」,"""OHHHHH! Oh, sha―sha―sha―sha, long!"""
,,,,
Nayuta.Fallen1-80,,ビュルルッ、ドクッ、ドクッ！,ビュルルッ、ドクッ、ドクッ！,
,,,,
Nayuta.Fallen1-81,那由多,「お゛っ…ん゛あ゛っ……♥」,「お゛っ…ん゛あ゛っ……♥」,"""OHHHHHHHHHHH ......♥"""
,,,,
Nayuta.Fallen1-82,ゴブリン,「ギャギャ……♪」,「ギャギャ……♪」,♪ Gya gya ...... ♪
,Nayuta darkness 1-10,,,
Nayuta.Fallen1-83,那由多,「はあっ、はあっ、」,「はあっ、はあっ、」,"""Ha―ha―ha."""
,,,,
Nayuta.Fallen1-84,,「っ、……こんな雑魚怪人に私がっ…！？」,「っ、……こんな雑魚怪人に私がっ…！？」,"""What, ......, such a small fry monster has me...?"
,,,,
Nayuta.Fallen1-85,,「………ん゛っ♥――――っっ！？」,「………ん゛っ♥――――っっ！？」,"""......... ♥――――!"
,,,,
Nayuta.Fallen1-86,,「気が付きませんでしたがっ…私の中の聖核エネルギーが減少しているっ！？」,「気が付きませんでしたがっ…私の中の聖核エネルギーが減少しているっ！？」,"""I didn't realize...the Seikaku energy in me is diminishing!"""
,,,,
Nayuta.Fallen1-87,ゴブリン型怪人,「ギャギャ♪ギャギャ！」,「ギャギャ♪ギャギャ！」,"♪ Gah, gah, gah!"""
,,,,
Nayuta.Fallen1-88,那由多,「っ……！これは…私の聖核エネルギーが消滅…いえ、この怪人に吸収されているっ！？」,「っ……！これは…私の聖核エネルギーが消滅…いえ、この怪人に吸収されているっ！？」,"I'm not sure what to do...""......! This is... my Seikaku energy is being dissipated... no, it's being absorbed by this monster!"
,,,,
Nayuta.Fallen1-89,,怪人はさっき射精したにも関わらず、再びチンポを那由多の中で硬くしている,怪人はさっき射精したにも関わらず、再びチンポを那由多の中で硬くしている,"The monster is making his cock hard inside Nayuta again, even though he ejaculated earlier!"
,,,,
Nayuta.Fallen1-90,,「っ！、まずいですねっ…、仮に聖核エネルギーを吸収して成長するなら…この怪人が弱いうちに何とかしなければっ！」,「っ！、まずいですねっ…、仮に聖核エネルギーを吸収して成長するなら…この怪人が弱いうちに何とかしなければっ！」,I've got to do something about this monster while it's still weak! If it grows by absorbing the Seikaku energy... we have to do something while this monster is still weak!
,,,,
Nayuta.Fallen1-91,ゴブリン型怪人,「ギャッ、ギャ！」,「ギャッ、ギャ！」,"Gah, gah!"""
,,,,
Nayuta.Fallen1-92,,パチュッ、パチュッ！,パチュッ、パチュッ！,Patu―patu―patu!
,,,,
Nayuta.Fallen1-93,那由多,「ぐうっ、またッ！？――いえ、大丈夫です、精神を集中させれば聖核エネルギーの流出を抑えられるはずっ！」,「ぐうっ、またッ！？――いえ、大丈夫です、精神を集中させれば聖核エネルギーの流出を抑えられるはずっ！」,"""Ugh, again? ――No, it's okay, if you concentrate your mind, you should be able to suppress the outflow of the Seikaku energy!"
,,,,
Nayuta.Fallen1-94,,「二度と先ほどのような無様は晒しませんっ！私の精神力を舐めないでくださいっ！」,「二度と先ほどのような無様は晒しませんっ！私の精神力を舐めないでくださいっ！」,"I will never again display the same ineptitude as I did earlier! Don't you dare lick my spirit!"""
,暗転,,,
Nayuta.Fallen1-95,,――――そして5分後,――――そして5分後,―――― and 5 minutes later
,Nayuta darkness 1-14,,,
Nayuta.Fallen1-96,,ドビュルルルッルルッ！ビュルッ、ドビュルルルッ！,ドビュルルルッルルッ！ビュルッ、ドビュルルルッ！, 
,,,,
Nayuta.Fallen1-97,那由多,「ひっぐうううううっっ♥♥！？！また中に出てるっ♥！？」,「ひっぐうううううっっ♥♥！？！また中に出てるっ♥！？」,I'm coming inside again! It's inside me again!
,,,,
Nayuta.Fallen1-98,ゴブリン型怪人,「ギャッ♪ギャッ♪」,「ギャッ♪ギャッ♪」,♪ Gah ♪ ♪ Gah ♪
,,,,
Nayuta.Fallen1-99,那由多,「お゛お゛っ、そんなっ♥、また聖核エネルギー奪われてるっ♥♥」,「お゛お゛っ、そんなっ♥、また聖核エネルギー奪われてるっ♥♥」,"""Oh, oh, oh, oh, oh, oh, oh, oh, oh, oh, oh, oh, oh, oh, oh, oh, they're taking the Seikaku energy again."
,,,,
Nayuta.Fallen1-100,,「お゛ほ゛っ♥、私はっ♥、こんな雑魚にいっ♥、絶対負けませんっ！」,「お゛ほ゛っ♥、私はっ♥、こんな雑魚にいっ♥、絶対負けませんっ！」,I will not be defeated by such a small fish!
,,,,
Nayuta.Fallen1-101,,「ひぎっ♥、お゛お゛っ♥」,「ひぎっ♥、お゛お゛っ♥」,"""HIGH ♥, OHHHH ♥."""
,,,,
Nayuta.Fallen1-102,,那由多の抵抗もむなしく、小さな怪人による凌辱は一晩中続くのだった,那由多の抵抗もむなしく、小さな怪人による凌辱は一晩中続くのだった,"Nayuta's resistance was futile, and the little monster's humiliation continued throughout the night."
,,,,
Nayuta Fallen Scene２,注釈,闇堕ちシーン,闇堕ちシーン,闇堕ちシーン
,,,,
Nayuta.Fallen2-1,Nayuta darkness 2-1,那由多がゴブリン型怪人に調教され始めてから2日,那由多がゴブリン型怪人に調教され始めてから2日,Two days after Nayuta started being trained by the goblin―type monster.
,,,,
Nayuta.Fallen2-2,,ジュブッ、ブボッ、ジュルッ、ジュポッ、ジュポッ！,ジュブッ、ブボッ、ジュルッ、ジュポッ、ジュポッ！,"Jub, bub, jub, jub, jub!"
,,,,
Nayuta.Fallen2-3,,拘束室に水音が響く,拘束室に水音が響く,The sound of water echoes in the holding room.
,,,,
Nayuta.Fallen2-4,ゴブリン型怪人,「グギャッ、グギャッ！」,「グギャッ、グギャッ！」,"Ggah, ggah!"""
,,,,
Nayuta.Fallen2-5,那由多,「ん゛ん～～～っ！、ジュプッ、ジュプッ♥」,「ん゛ん～～～っ！、ジュプッ、ジュプッ♥」,"♥""♥♥♥♥♥♥♥♥♥♥♥♥♥♥♥♥♥ Jup, jup, jup ♥"""
,,,,
Nayuta.Fallen2-6,ゴブリン型怪人,「ギャッ！、ギャッ！」,「ギャッ！、ギャッ！」,"Gah! Gah!"""
,,,,
Nayuta.Fallen2-7,,怪人はもっと強くしゃぶれと言うように那由多の頭を叩き、不機嫌そうな声を上げる,怪人はもっと強くしゃぶれと言うように那由多の頭を叩き、不機嫌そうな声を上げる,The monster smacks Nayuta on the head as if to tell her to suck harder and makes a grumpy sound
,,,,
Nayuta.Fallen2-8,那由多,「ん゛んっ♥！？、ジュポッ♥、ジュルルルッ♥、ジュポッ♥」,「ん゛んっ♥！？、ジュポッ♥、ジュルルルッ♥、ジュポッ♥」,"""¡Humph! Jupo ♥, jupo ♥, jupo ♥."""
,,,,
Nayuta.Fallen2-9,,那由多は口で怪人のチンポをさらに激しく愛撫する,那由多は口で怪人のチンポをさらに激しく愛撫する,Nayuta caresses the monster's cock even harder with her mouth
,,,,
Nayuta.Fallen2-10,那由多,「ジュルッ♥、ジュポッ♥、ジュポッ♥、ジュポッ♥！」,「ジュルッ♥、ジュポッ♥、ジュポッ♥、ジュポッ♥！」,"Jools ♥, joo poo ♥, joo poo ♥, joo poo ♥!"""
,,,,
Nayuta.Fallen2-11,ゴブリン怪人,「グギャッ♪、グギャッ♪」,「グギャッ♪、グギャッ♪」,"♪ Guggah ♪, guggah ♪"
,,,,
Nayuta.Fallen2-12,那由多,「ん゛ふっ♥、ジュプッ、ジュプッ♥」,「ん゛ふっ♥、ジュプッ、ジュプッ♥」,"""Jup, jup, jup, jup, jup, jup, jup."""
,,,,
Nayuta.Fallen2-13,ゴブリン型怪人,「ギャッギャッ！、ギャッ！！！」,「ギャッギャッ！、ギャッ！！！」,"Gah―gah!"" Gah―gah!!!"""
,,,,
Nayuta.Fallen2-14,Nayuta darkness 2-2,ドビュルルルッルルッ！ビュルッ、ドビュルルルッ！,ドビュルルルッルルッ！ビュルッ、ドビュルルルッ！, 
,,,,
Nayuta.Fallen2-15,,怪人は那由多の頭を押さえつけ、精液を飲み込ませる,怪人は那由多の頭を押さえつけ、精液を飲み込ませる,The monster holds Nayuta's head down and makes her swallow his semen.
,,,,
Nayuta.Fallen2-16,那由多,「ん゛ん゛っ、ゴブッ、ゴキュ、ジュルッ♥」,「ん゛ん゛っ、ゴブッ、ゴキュ、ジュルッ♥」,"""Gobble, gobble, gulp, julp ♥"""
,,,,
Nayuta.Fallen2-17,Nayuta darkness 2-3,「ん゛ん゛っ！オエ゛ッ、ゲホッ、ゴホッ！」,「ん゛ん゛っ！オエ゛ッ、ゲホッ、ゴホッ！」,"""D―D―D―D―D. ""Aaahhh, gee whiz, gee whiz!"""
,,,,
Nayuta.Fallen2-18,,那由多の口に射精された精液が逆流し、盛大にむせ返る,那由多の口に射精された精液が逆流し、盛大にむせ返る,The semen ejaculated into Nayuta's mouth flows backwards and she swallows heavily.
,Nayuta darkness 2-4,,,
Nayuta.Fallen2-19,那由多,「ゲホッ、ゴホッ…」,「ゲホッ、ゴホッ…」,"""Gobble, gobble..."""
,,,,
Nayuta.Fallen2-20,那由多,「プハッ、はあっ、はあっ、はあっ！」,「プハッ、はあっ、はあっ、はあっ！」,"Puh―lease, ha―ha―ha!"""
,,,,
Nayuta.Fallen2-21,ゴブリン型怪人,「ギャッ♪、ギャッ♪」,「ギャッ♪、ギャッ♪」,"♪ Gah, gah ♪"
,,,,
Nayuta.Fallen2-22,那由多,「ハアッ、ハアッ…ッ、調子に乗って…とはいえ、これで少しは時間が稼げましたか…？」,「ハアッ、ハアッ…ッ、調子に乗って…とはいえ、これで少しは時間が稼げましたか…？」,
,,,,
Nayuta.Fallen2-23,,(……この怪人は私が女性器で絶頂するごとに私から聖核エネルギーを吸収します…),(……この怪人は私が女性器で絶頂するごとに私から聖核エネルギーを吸収します…),(...... this monster absorbs Seikaku energy from me every time I climax with my vagina...)
,,,,
Nayuta.Fallen2-24,,(聖核エネルギーを吸収されないよう、どうにか口で処理してしのいでいますが…),(聖核エネルギーを吸収されないよう、どうにか口で処理してしのいでいますが…),(I somehow manage to handle it with my mouth so that it doesn't absorb the Seikaku energy...)
,,,,
Nayuta.Fallen2-25,,「っ…、こんな雑魚怪人にっ、こんな屈辱的な事しかできないなんて…っ！」,「っ…、こんな雑魚怪人にっ、こんな屈辱的な事しかできないなんて…っ！」,I can't believe I can only do such a humiliating thing to such a small fry monster!
,,,,
Nayuta.Fallen2-26,,「しかし所詮は知能も低い雑魚…エネルギーが溜まって変身したら一瞬で細切れにします！」,「しかし所詮は知能も低い雑魚…エネルギーが溜まって変身したら一瞬で細切れにします！」,"But it is only a small fish with low intelligence...when it builds up energy and transforms, it will shred you in an instant!"""
,,,,
Nayuta.Fallen2-27,Nayuta darkness 2-5,「ギャッ♪ギャッ♪ギャギャ！」,「ギャッ♪ギャッ♪ギャギャ！」,♪ Gah ♪ ♪ Gah ♪ ♪ Gah ♪ ♪ Gah ♪ ♪ Gah ♪ ♪ Gah ♪
,,,,
Nayuta.Fallen2-28,,突然、ゴブリンが那由多の膣内に腕を突っ込み子宮を刺激する,突然、ゴブリンが那由多の膣内に腕を突っ込み子宮を刺激する,"Suddenly, the goblin thrusts his arm into Nayuta's vagina and stimulates her uterus"
,,,,
Nayuta.Fallen2-29,那由多,「ひぐっ！？、こ、このっ！」,「ひぐっ！？、こ、このっ！」,"""Higg! Ko, ko, ko!"""
,,,,
Nayuta.Fallen2-30,,「下を弄られるのはまずいですね…っ！、何とか興味を逸らさないとっ！」,「下を弄られるのはまずいですね…っ！、何とか興味を逸らさないとっ！」,"I'm not supposed to be playing with my bottom...! I have to distract them somehow!"""
,,,,
Nayuta.Fallen2-31,,那由多は舌をを突き出し、フェラの素振りをする,那由多は舌をを突き出し、フェラの素振りをする,Nayuta sticks out her tongue and pretends to suck
,,,,
Nayuta.Fallen2-32,那由多,「れろっ、んっ♥、こっちで抜いてあげますからっ！れろっ♥」,「れろっ、んっ♥、こっちで抜いてあげますからっ！れろっ♥」,I'll pull it out this way! Rerotsu!
,,,,
Nayuta.Fallen2-33,ゴブリン型怪人,「ギャギャ？」,「ギャギャ？」,"""Gah―gah?"""
,,,,
Nayuta.Fallen2-34,那由多,(～～～っ、この私がこんな屈辱的な事をっ、しかし仕方ありませんっ！脱出するためですっ！),(～～～っ、この私がこんな屈辱的な事をっ、しかし仕方ありませんっ！脱出するためですっ！),"(~~~~, this is such a humiliating thing for me to do, but I have no choice! To escape!)"
,,,,
Nayuta.Fallen2-35,,「ほらっ♥、れろっ♥、こっちの方がっ♥、気持ちいいれすよっ♥、れろっ♥！」,「ほらっ♥、れろっ♥、こっちの方がっ♥、気持ちいいれすよっ♥、れろっ♥！」,"""Here, here, here, here, here, here, here, here, here, here, here, here, here, here, here, here, here, here, here, here, here!"""
,,,,
Nayuta.Fallen2-36,ゴブリン型怪人,「ギャッギャッ？！ギャギャギャwww」,「ギャッギャッ？！ギャギャギャwww」,"Gah―gah?"" Gah―gah―www!"""
,,,,
Nayuta.Fallen2-37,,怪人は那由多の様子を見て腹を抱えて笑う,怪人は那由多の様子を見て腹を抱えて笑う,The monster looks at Nayuta and laughs in his belly.
,,,,
Nayuta.Fallen2-38,那由多,「つっ！？、このっ、馬鹿にしてっ！」,「つっ！？、このっ、馬鹿にしてっ！」,What? You idiot!
,,,,
Nayuta.Fallen2-39,ゴブリン型怪人,「ギャギャッ…」,「ギャギャッ…」,"""Gah gah..."""
,,,,
Nayuta.Fallen2-40,,突然ゴブリン型怪人が部屋から出て行く,突然ゴブリン型怪人が部屋から出て行く,Suddenly a goblin―type monster leaves the room.
,,,,
Nayuta.Fallen2-41,那由多,「なっ？……いきなり何を…」,「なっ？……いきなり何を…」,"What? ...... what are you suddenly..."""
,Nayuta darkness 2-8,,,
Nayuta.Fallen2-42,ゴブリン型怪人,「ギャギャ！」,「ギャギャ！」,"Gah―gah!"""
,,,,
Nayuta.Fallen2-43,那由多,「っ……！それは私の刀っ！あなたが勝手に触っていいようなものではありませんっ！」,「っ……！それは私の刀っ！あなたが勝手に触っていいようなものではありませんっ！」,You can find it at ......! That's my sword! It is not something you are allowed to touch without permission!
,,,,
Nayuta.Fallen2-44,ゴブリン型怪人,「ギャギャ……ギャ！」,「ギャギャ……ギャ！」,"""Gah gah ...... gah!"""
,,,,
Nayuta.Fallen2-45,,怪人は刀を握り、両側に力をこめる,怪人は刀を握り、両側に力をこめる,The monster grips his sword and strains on both sides.
,,,,
Nayuta.Fallen2-46,那由多,「なっ、何をするつもりですか！？、やめなさい！」,「なっ、何をするつもりですか！？、やめなさい！」,What are you doing? Stop it!
,,,,
Nayuta.Fallen2-47,,「その刀は家系に代々伝わって来たもの…！私の聖核戦姫の誇りでっ―――――」,「その刀は家系に代々伝わって来たもの…！私の聖核戦姫の誇りでっ―――――」,"The sword has been in my family for generations! It is the pride of my Seikaku Princess. ―――――"""
,,,,
Nayuta.Fallen2-48,Nayuta darkness 2-9,バキッ！！,バキッ！！,Baki!
,,,,
Nayuta.Fallen2-49,那由多,「―――――なっ！！」,「―――――なっ！！」,"""―――――!!!!"""
,,,,
Nayuta.Fallen2-50,ゴブリン型怪人,「ギャッ♪　ギャッ♪」,「ギャッ♪　ギャッ♪」,♪ Gah ♪ ♪ Gah ♪
,,,,
Nayuta.Fallen2-51,那由多,「―――――よくも私の刀をっ！絶対に許さなひぐッっッ！？！」,「―――――よくも私の刀をっ！絶対に許さなひぐッっッ！？！」,I'll never allow you to use my sword! I will never forgive you!
,,,,
Nayuta.Fallen2-52,Nayuta darkness 2-10,那由多の膣内に刀の持ち手が突っ込まれる,那由多の膣内に刀の持ち手が突っ込まれる,The handle of the sword is plunged into Nayuta's vagina
,,,,
Nayuta.Fallen2-53,ゴブリン型怪人,「ギャッ、ギャッ！」,「ギャッ、ギャッ！」,"Gah, gah!"""
,,,,
Nayuta.Fallen2-54,那由多,「お゛お゛っ！？、お゛おっ♥」,「お゛お゛っ！？、お゛おっ♥」,"""Oh―oh―oh! Oh, oh, oh ♥"""
,,,,
Nayuta.Fallen2-55,,ズボッ、ズボッ、グチュッ！,ズボッ、ズボッ、グチュッ！,"Zubotsu, zubotsu, guchu!"
,,,,
Nayuta.Fallen2-56,那由多,「ひぎっ、この刀はっ、私の誇りなのにッ！、こんなっ！」,「ひぎっ、この刀はっ、私の誇りなのにッ！、こんなっ！」,I'm so proud of this sword! Don't you dare!
,,,,
Nayuta.Fallen2-57,,その時、怪人が言葉を発する,その時、怪人が言葉を発する,"At that moment, the monster utters the words"
,,,,
Nayuta.Fallen2-58,ゴブリン型怪人,「ギャギャッ！オマエ、バカッ！」,「ギャギャッ！オマエ、バカッ！」,"""Gah, gah, gah! You idiot!"""
,,,,
Nayuta.Fallen2-59,那由多,「ん゛ん゛っ♥、お゛！？コイツッ、な、なんで喋ってっ！」,「ん゛ん゛っ♥、お゛！？コイツッ、な、なんで喋ってっ！」,"""D―d―d―d―d―d―d―d―d―d―d―d! He's talking, why is he talking?"
,,,,
Nayuta.Fallen2-60,ゴブリン型怪人,「ニゲル、ツモリ、バレバレダッタ！」,「ニゲル、ツモリ、バレバレダッタ！」,"Nigel, tsumori, vare vare datta!"""
,,,,
Nayuta.Fallen2-61,那由多,「なっ！…、そんなっ♥、お゛ほ゛っ♥！」,「なっ！…、そんなっ♥、お゛ほ゛っ♥！」,"""Nah! ...oh, my God!"
,,,,
Nayuta.Fallen2-62,ゴブリン型怪人,「チンポ、ワザト、クチニ、イレテヤッタ！」,「チンポ、ワザト、クチニ、イレテヤッタ！」,"""Dick, wazato, kuchi ni irette yatta!"""
,,,,
Nayuta.Fallen2-63,那由多,「ひぎっ♥、そんなっ♥、私、コイツに遊ばれてたっ？！ひぐっ♥」,「ひぎっ♥、そんなっ♥、私、コイツに遊ばれてたっ？！ひぐっ♥」,I was playing with this guy? I'm so sorry.
,,,,
Nayuta.Fallen2-64,,怪人は激しく刀を出し入れし、持ち手の凹凸が那由多の膣内をこすり上げる,怪人は激しく刀を出し入れし、持ち手の凹凸が那由多の膣内をこすり上げる,"The monster violently moves the sword in and out, the unevenness of the handle rubbing up against Nayuta's vagina."
,,,,
Nayuta.Fallen2-65,ゴブリン型怪人,「ギャギャ！サアイケッ！イケッ！」,「ギャギャ！サアイケッ！イケッ！」,"Gya gya! Saai kekk! Yikes!"""
,,,,
Nayuta.Fallen2-66,那由多,「ひぎっ♥、お゛お゛っ♥」,「ひぎっ♥、お゛お゛っ♥」,"""HIGH ♥, OHHHH ♥."""
,Nayuta darkness 2-12,,,
Nayuta.Fallen2-67,,プシュッ、プシュッ、プシャアアアアッ！,プシュッ、プシュッ、プシャアアアアッ！,"Push, push, pushaaaah!"
,,,,
Nayuta.Fallen2-68,ゴブリン型怪人,「ギャッ！ギャッ！ブザマッ！ブザマッ！」,「ギャッ！ギャッ！ブザマッ！ブザマッ！」,"Gah! Gah! Buzamat! Buzammah!"""
,,,,
Nayuta.Fallen2-69,那由多,「お゛お゛っ♥……お゛っ♥…」,「お゛お゛っ♥……お゛っ♥…」,"""Oooooooh ♥...... oooooh ♥..."""
,Nayuta darkness 2-4,,,
Nayuta.Fallen2-70,那由多,「―――――っ！、一体どれだけ私に辱めをっ！絶対に許せませんッ！」,「―――――っ！、一体どれだけ私に辱めをっ！絶対に許せませんッ！」,"I've been on the receiving end of a lot of ""―――――. How many times have you humiliated me? I will never forgive you!"
,,,,
Nayuta.Fallen2-71,ゴブリン型怪人,「ギャギャ♪　ムリッ！オマエ、モウオシマイ！」,「ギャギャ♪　ムリッ！オマエ、モウオシマイ！」,"""Gah, gah, mr! You, moooshimai!"""
,,,,
Nayuta.Fallen2-72,那由多,「っ、私は最強の聖核戦姫です！あなたになどに負け―――――ん゛お゛っ♥！」,「っ、私は最強の聖核戦姫です！あなたになどに負け―――――ん゛お゛っ♥！」,I am the most powerful Seikaku Princess! You can't beat me!
,Nayuta darkness 2-14,,,
Nayuta.Fallen2-73,,パンッ、パンッ、パンッ、パンッ！,パンッ、パンッ、パンッ、パンッ！,"Pang, pang, pang, pang!"
,,,,
Nayuta.Fallen2-74,,怪人は那由多に飛びつき、腰を振り始める,怪人は那由多に飛びつき、腰を振り始める,The monster jumps on Nayuta and starts shaking his hips
,,,,
Nayuta.Fallen2-75,ゴブリン型怪人,「ギャギャッ！ココニ、エネルギー、アルノ、ワカッテル！」,「ギャギャッ！ココニ、エネルギー、アルノ、ワカッテル！」,"""Gah, gah, gah! I've got energy in here, I know it!"""
,,,,
Nayuta.Fallen2-76,那由多,「ひぐうっ♥、そんなっ♥、待ってっ♥！」,「ひぐうっ♥、そんなっ♥、待ってっ♥！」,"""Hi―guh, oh, no, wait!"
,,,,
Nayuta.Fallen2-77,那由多,(いえ―――、こんな時こそ落ち着きなさいっ！),(いえ―――、こんな時こそ落ち着きなさいっ！),"(No―――, this is the time to calm down!)"
,,,,
Nayuta.Fallen2-78,,(あと少しで変身するだけのエネルギーがたまります！),(あと少しで変身するだけのエネルギーがたまります！),(Just a few more minutes and you'll have enough energy to transform!)
,,,,
Nayuta.Fallen2-79,,(後少し！私が絶頂しなければいいだけの事っ！こんなチンポなんかにっ！私は―――),(後少し！私が絶頂しなければいいだけの事っ！こんなチンポなんかにっ！私は―――),(Almost there! All I have to do is not climax! I'm not going to let this cock do this to me! I'm gonna...)
,,,,
Nayuta.Fallen2-80,,パンッ、パンッ、パンッ、パンッ！,パンッ、パンッ、パンッ、パンッ！,"Pang, pang, pang, pang!"
,,,,
Nayuta.Fallen2-81,那由多,「くうううっ♥、ぐうっ♥、耐えっ…ます！」,「くうううっ♥、ぐうっ♥、耐えっ…ます！」,"""Kuuuuu♥♥, gghhh, I'll endure...sir!"""
,,,,
Nayuta.Fallen2-82,ゴブリン型怪人,「ギャギャッ、ワルアガキッ！バカダナ！」,「ギャギャッ、ワルアガキッ！バカダナ！」,"Gah gah gah, badass kid! Stupid kid!"""
,,,,
Nayuta.Fallen2-83,那由多,「お゛お゛っ♥、私にはっ！全ての聖核戦姫の命運がかかっているのですっ！」,「お゛お゛っ♥、私にはっ！全ての聖核戦姫の命運がかかっているのですっ！」,"""Oh, oh, oh, oh, oh, oh, oh, oh, oh, oh, oh, oh, oh, oh, oh, oh, oh, oh, oh! The fate of all the Seikaku Princesses depends on me!"""
,,,,
Nayuta.Fallen2-84,,パンッ、パンッ、パンッ、パンッ！,パンッ、パンッ、パンッ、パンッ！,"Pang, pang, pang, pang!"
,,,,
Nayuta.Fallen2-85,那由多,「ひぎっっ♥、私はっ、最強の聖核戦姫ですっ！こんなチンポなんかに！」,「ひぎっっ♥、私はっ、最強の聖核戦姫ですっ！こんなチンポなんかに！」,I am the strongest Seikaku Princess! I'm the most powerful Seikaku Princess!
,,,,
Nayuta.Fallen2-86,ゴブリン型怪人,「ギャギャッ！ムダダッ！セイエキダシテヤル！サアイケッ！」,「ギャギャッ！ムダダッ！セイエキダシテヤル！サアイケッ！」,"Gah gah gah! Muda―da―da―da! Sayekidashiteyaru! Saai kekk!"""
,,,,
Nayuta.Fallen2-87,那由多,「ひぎいっ♥、全ての聖核戦姫のためにっ！私はっ、チンポなんかに、負けな―――――」,「ひぎいっ♥、全ての聖核戦姫のためにっ！私はっ、チンポなんかに、負けな―――――」,I'm not going to be defeated by a cock! I will not be defeated by a cock. ―――――
,,,,
Nayuta.Fallen2-88,Nayuta darkness 2-15,ドビュルルルッルルッ！ビュルッ、ドビュルルルッ！！！,ドビュルルルッルルッ！ビュルッ、ドビュルルルッ！！！, Burrrrrrrrrrrrrrrrrrrrrrrrrrrrr!
,,,,
Nayuta.Fallen2-89,那由多,「いっぎいっ！！いっぐうううぅぅぅっっ♥！！？！？」,「いっぎいっ！！いっぐうううぅぅぅっっ♥！！？！？」,Iggy! Iiguiuuggghhhhhh!
,,,,
Nayuta.Fallen2-90,ゴブリン型怪人,「ギャギャッ！イッタ！イッタ！ザコ！ザコ！」,「ギャギャッ！イッタ！イッタ！ザコ！ザコ！」,"Gah―gah!"" Itta! Itta! Zacho! Zacko!"
,,,,
Nayuta.Fallen2-91,,「オマエノマケッ！エネルギーイタダキッ！」,「オマエノマケッ！エネルギーイタダキッ！」,"Omaeno makke! Energy itadakki!"""
,,,,
Nayuta.Fallen2-92,那由多,「お゛っほっ♥、そんなあっ♥、うそだぁ♥、私がっ♥♥！」,「お゛っほっ♥、そんなあっ♥、うそだぁ♥、私がっ♥♥！」,"""Oh, no, no, no, no, no, no, no, no, no, no, no, no, no, no, no, no, no, no, no, no, no, no, no, no, no, no, no, no, no!"""
,,,,
Nayuta.Fallen2-93,ゴブリン型怪人,「ギャギャッ！、オマエノチカラッ！スベテオレノモノッ！」,「ギャギャッ！、オマエノチカラッ！スベテオレノモノッ！」,Gah gah gah! I'm so happy to see you! It's mine!
,,,,
Nayuta.Fallen2-94,ゴブリン型怪人,「オマエ、カンゼンニオワリ！オマエ、オレノドレイ！」,「オマエ、カンゼンニオワリ！オマエ、オレノドレイ！」,"You, kanzen niowari! You, Ore―no―Drei!"""
,,,,
Nayuta.Fallen2-95,,怪人はマーキングをするかのように那由多に精液を流し込み続ける,怪人はマーキングをするかのように那由多に精液を流し込み続ける,The monster continues to pour semen into Nayuta as if marking her.
,,,,
Nayuta.Fallen2-96,,ドビュルルッ！ドビュルルッ！,ドビュルルッ！ドビュルルッ！,Doburrrrrrrrrrrrr! Doburrrrrrrrrrrrrrrrrrr!
,,,,
Nayuta.Fallen2-97,那由多,「ひっぐう♥、お゛お゛っ♥、お゛～～♥♥♥」,「ひっぐう♥、お゛お゛っ♥、お゛～～♥♥♥」,"""Hi―guh♥, ooo―ooh♥, ooo―ooh~♥♥♥."""
,,,,
Nayuta.Fallen2-98,那由多,(私っ、完全に負けてッ…！私が負けちゃったから…、聖核戦姫はっ！？聖月女学園はっ―――――),(私っ、完全に負けてッ…！私が負けちゃったから…、聖核戦姫はっ！？ホーリーコア・レギオンはっ―――――),"(I, I lost completely...! Because I lost..., Seikaku Princess! Seigetsu Girl Academy is ―――――)"
,,,,
Nayuta.Fallen2-99,,ドビュルルッ！ドビュルルッ！,ドビュルルッ！ドビュルルッ！,Doburrrrrrrrrrrrr! Doburrrrrrrrrrrrrrrrrrr!
,,,,
Nayuta.Fallen2-100,那由多,「お゛お゛っ♥、お゛お゛っ♥またイグッ！、エネルギー、取られるっ！」,「お゛お゛っ♥、お゛お゛っ♥またイグッ！、エネルギー、取られるっ！」,"Oh, oh, oh, oh, oh, oh, oh, oh, oh, oh, oh, oh, oh, oh, oh, oh, oh, oh, oh, oh, oh, oh, oh, oh, oh, oh! They're taking all my energy!"""
,,,,
Nayuta.Fallen2-101,,最強の聖核戦姫は完全に逆転の芽を失い、那由多の思考は白濁液と快楽の中に溶けていくのだった,最強の聖核戦姫は完全に逆転の芽を失い、那由多の思考は白濁液と快楽の中に溶けていくのだった,"The strongest Seikaku Princess completely lost the bud of reversal, and Nayuta's thoughts melted away in a cloud of white fluid and pleasure."
,,,,
Nayuta Fallen Scene３,注釈,闇堕ちシーン,闇堕ちシーン,闇堕ちシーン
,暗転,,,
Nayuta.Fallen3-1,Nayuta darkness 3ｰ1,財団地下拘束施設にて―――――,財団地下拘束施設にて―――――,At the Foundation's Underground Restraint Facility: ―――――
,,,,
Nayuta.Fallen3-2,,ドチュッ！！、ドチュッ！！、ドチュッ！！,ドチュッ！！、ドチュッ！！、ドチュッ！！,Doo―doo! Doo―doo! Doo―doo!
,,,,
Nayuta.Fallen3-3,那由多,「ひぎっっ♥！、お゛お゛っ♥、お゛っ♥」,「ひぎっっ♥！、お゛お゛っ♥、お゛っ♥」,"""Hi―giggity―♥! Oh, oh, oh, oh, oh, oh, oh!"""
,,,,
Nayuta.Fallen3-4,那由多,「お゛っ♥、イグッ♥！、子宮潰されてっ♥、また負けちゃうっ♥！」,「お゛っ♥、イグッ♥！、子宮潰されてっ♥、また負けちゃうっ♥！」,"""Oh, oh, oh, oh, oh, oh! I'm getting my uterus crushed... I'm losing again!"
,,,,
Nayuta.Fallen3-5,,那由多は巨大な怪人に抱え込まれ、肉棒に貫かれながら体を上下に振られていた,那由多は巨大な怪人に抱え込まれ、肉棒に貫かれながら体を上下に振られていた,"Nayuta was being held by a huge monster, and her body was being swung up and down while being penetrated by a meat pole."
,,,,
Nayuta.Fallen3-6,怪人,「グフフッ、那由多よっ、どうだ俺のチンポは？」,「グフフッ、那由多よっ、どうだ俺のチンポは？」,"""Guffaw, Nayuta, how's my dick?"""
,,,,
Nayuta.Fallen3-7,那由多,「お゛っ♥、す、凄いですご主人様っ♥、このチンポ好きですっ♥」,「お゛っ♥、す、凄いですご主人様っ♥、このチンポ好きですっ♥」,"""Oh, my God, that's great, Master, I love this cock."""
,,,,
Nayuta.Fallen3-8,怪人,「グフフッ、すっかり従順になったな！良いことだっ！」,「グフフッ、すっかり従順になったな！良いことだっ！」,"""Guffaw, you've become so obedient! That's good!"""
,,,,
Nayuta.Fallen3-9,那由多,「はいっ♥、那由多は…弱くて惨めな敗者なのでっ♥、当然ですっ♥」,「はいっ♥、那由多は…弱くて惨めな敗者なのでっ♥、当然ですっ♥」,"Nayuta is a weak and miserable loser, of course."
,,,,
Nayuta.Fallen3-10,,かつての小さな怪人は、那由多から聖核エネルギーを奪い続け、今や那由多でも勝てない強大な怪人となっていた,かつての小さな怪人は、那由多から聖核エネルギーを奪い続け、今や那由多でも勝てない強大な怪人となっていた,"The once small monster had continued to steal the Seikaku energy from Nayuta, and was now a powerful monster that even Nayuta could not defeat."
,,,,
Nayuta.Fallen3-11,那由多,「ご主人様のチンポに敗北してっ♥、調教されてっ♥、那由多はご主人様のオナホになりました♥」,「ご主人様のチンポに敗北してっ♥、調教されてっ♥、那由多はご主人様のオナホになりました♥」,"Defeated and trained by Master's cock, Nayuta became Master's masturbator."
,,,,
Nayuta.Fallen3-12,那由多,「敗者である那由多はっ♥、ご主人様に忠誠を誓うのでっ♥、惨めなオナホに精液をお恵みくださいっ♥」,「敗者である那由多はっ♥、ご主人様に忠誠を誓うのでっ♥、惨めなオナホに精液をお恵みくださいっ♥」,"Nayuta, the loser, I pledge allegiance to my master, so please give me semen for my miserable masturbator."
,,,,
Nayuta.Fallen3-13,,黒髪は白く変色し、淫猥な言葉で媚びを売る姿には既にかつての最強の聖核戦姫の面影はない,黒髪は白く変色し、淫猥な言葉で媚びを売る姿には既にかつての最強の聖核戦姫の面影はない,"Her black hair has turned white, and there is no trace of the once powerful Princess of the Seikaku in her flirtatious appearance with obscene words."
,,,,
Nayuta.Fallen3-14,怪人,「グフフッ、いい心がけだ。従順なオナホには褒美をくれてやらんとな」,「グフフッ、いい心がけだ。従順なオナホには褒美をくれてやらんとな」,"I'm sure you've got a good mind for it. You have to reward the obedient masturbator."""
,,,,
Nayuta.Fallen3-15,那由多,「あっ♥、あひっ♥、ありがとうございますっ♥敗北オナホ、存分にお使いくださいっ♥」,「あっ♥、あひっ♥、ありがとうございますっ♥敗北オナホ、存分にお使いくださいっ♥」,"""Oh, oh, thank you very much, please use the defeated masturbator to your heart's content."
,,,,
Nayuta.Fallen3-16,,そして怪人は那由多を使い、オナホのようにして自身の肉棒をしごいていく,そして怪人は那由多を使い、オナホのようにして自身の肉棒をしごいていく,"Then, the monster uses Nayuta as a masturbator and rubs his own rod."
,,,,
Nayuta.Fallen3-17,,ドチュッ！！、ドチュッ！！、ドチュッ！！,ドチュッ！！、ドチュッ！！、ドチュッ！！,Doo―doo! Doo―doo! Doo―doo!
,,,,
Nayuta.Fallen3-18,那由多,「お゛っ♥、お゛っ♥、お゛おっ♥、凄いっ♥、イクッ♥♥」,「お゛っ♥、お゛っ♥、お゛おっ♥、凄いっ♥、イクッ♥♥」,"""Oh, oh, oh, oh, oh, oh, oh, oh, oh, oh, oh, oh, oh, oh, oh, oh, oh, oh, oh, oh, oh, oh, oh, oh, oh, oh, oh, oh, oh, oh, oh, oh, oh."""
,,,,
Nayuta.Fallen3-19,那由多,「太いチンポでっ♥、オナホマンコ♥、壊されてイっちゃううぅッ♥」,「太いチンポでっ♥、オナホマンコ♥、壊されてイっちゃううぅッ♥」,I'm going to come with a fat cock... I'm going to come with a fat cock... I'm going to come with a fat cock... I'm going to come with a fat cock... I'm going to come with a fat cock...
,,,,
Nayuta.Fallen3-20,怪人,「さあ、精液をたんと飲ませてやるっ！」,「さあ、精液をたんと飲ませてやるっ！」,"Come on, I'll make you drink plenty of semen!"""
,Nayuta darkness 3-2,,,
Nayuta.Fallen3-21,,次の瞬間、怪人のチンポが膨れたかと思うと、塊のような精液の奔流が那由多の子宮口へ発射される,次の瞬間、怪人のチンポが膨れたかと思うと、塊のような精液の奔流が那由多の子宮口へ発射される,"The next moment, the monster's cock seems to swell, and a torrent of cum shoots into Nayuta's cervix!"
,,,,
Nayuta.Fallen3-22,,ドクッ！、ドビュルルルルルルッ！,ドクッ！、ドビュルルルルルルッ！,Doc! 
,,,,
Nayuta.Fallen3-23,那由多,「お゛おっ♥、お゛っ♥おお、すご…いぃっ♥♥！」,「お゛おっ♥、お゛っ♥おお、すご…いぃっ♥♥！」,
,,,,
Nayuta.Fallen3-24,怪人,「おいオナホっ、まだ出してる途中だ！最後まで搾り取れっ！」,「おいオナホっ、まだ出してる途中だ！最後まで搾り取れっ！」,"Hey, masturbator, I'm still pumping! Squeeze me to finish!"""
,,,,
Nayuta.Fallen3-25,那由多,「お゛っ♥、申し訳ありませんっ♥、おマンコ絞めますっ♥！」,「お゛っ♥、申し訳ありませんっ♥、おマンコ絞めますっ♥！」,"""Oh, I'm sorry, I'm gonna squeeze your pussy!"""
,,,,
Nayuta.Fallen3-26,,ドビュルルッ！ビュルルルルルッ！,ドビュルルッ！ビュルルルルルッ！,Doburrrrrrrrrrrr! 
,,,,
Nayuta.Fallen3-27,那由多,「お゛っ♥、射精っ♥、ながいぃっ♥、子宮が性液で溺れてるっ♥♥！」,「お゛っ♥、射精っ♥、ながいぃっ♥、子宮が性液で溺れてるっ♥♥！」,"""Ooooh, I'm ejaculating, I'm ejaculating so long, my womb is drowning in sexual fluids!"""
,,,,
Nayuta.Fallen3-28,,そして1分ほど子宮への射精が続いた後,そして1分ほど子宮への射精が続いた後,And after a minute or so of ejaculation into the uterus
,Nayuta darkness 3-3,,,
Nayuta.Fallen3-29,,ドクッ、ドクッ、ドクッ！,ドクッ、ドクッ、ドクッ！,"Doc, doc, doc!"
,,,,
Nayuta.Fallen3-30,那由多,「お゛っ♥、お゛っ♥、お゛っ♥、お゛おっ♥♥！」,「お゛っ♥、お゛っ♥、お゛っ♥、お゛おっ♥♥！」,"""Oooh, oooh, oooh, oooh, oooh, oooh, oooh, oooh, oooh!"""
,,,,
Nayuta.Fallen3-31,,那由多の胎は精液で膨らみ、妊娠したかのようになっていた,那由多の胎は精液で膨らみ、妊娠したかのようになっていた,"Nayuta's womb was swollen with semen, as if she were pregnant."
,,,,
Nayuta.Fallen3-32,怪人,「ふう…流石は俺のオナホだ…耐久性だけはさすがだな」,「ふう…流石は俺のオナホだ…耐久性だけはさすがだな」,"""Well... that's my masturbator... it's as durable as I thought it would be."""
,,,,
Nayuta.Fallen3-33,那由多,「お゛ほっ♥、あ、ありがとうごじゃいますぅ…♥♥」,「お゛ほっ♥、あ、ありがとうごじゃいますぅ…♥♥」,"""Oh, thank you very much...♥♥♥"""
,Nayuta darkness 3-4,,,
Nayuta.Fallen3-34,,そして那由多の膣内からチンポがずるりと引き抜かれる,そして那由多の膣内からチンポがずるりと引き抜かれる,"Then, the cock is cunningly pulled out from inside Nayuta's vagina."
,,,,
Nayuta.Fallen3-35,那由多,「お゛おっ♥！？お゛おっ♥！」,「お゛おっ♥！？お゛おっ♥！」,"""Oh―oh―oh―oh! ohohohoh...!"""
,,,,
Nayuta.Fallen3-36,,ドパッ、ボタボタッ！,ドパッ、ボタボタッ！,"Doping, bobbing, bobbing!"
,,,,
Nayuta.Fallen3-37,,チンポが栓になって胎に溜まっていた精液が逆流する,チンポが栓になって胎に溜まっていた精液が逆流する,The cock becomes a plug and the semen in the womb flows back.
,,,,
Nayuta.Fallen3-38,那由多,「お゛おっ♥、おマンコ閉じられないっ♥、射精でイクッ♥」,「お゛おっ♥、おマンコ閉じられないっ♥、射精でイクッ♥」,"I can't close my pussy, I'm cumming."
,,,,
Nayuta.Fallen3-39,怪人,「おい、誰がこぼしていいといった？俺のオナホなら許可なく一滴も漏らすことは許さん」,「おい、誰がこぼしていいといった？俺のオナホなら許可なく一滴も漏らすことは許さん」,"""Hey, who said you can spill? If it's my masturbator, I won't allow you to spill a drop without permission."""
,Nayuta darkness 3-5,,,
Nayuta.Fallen3-40,那由多,「あひっ♥、も、申し訳ございませんっ♥、おマンコ閉めますっ♥」,「あひっ♥、も、申し訳ございませんっ♥、おマンコ閉めますっ♥」,"I'm sorry, I'm going to close my pussy."
,,,,
Nayuta.Fallen3-41,怪人,「グフフッ、今ので貴様から奪ったエネルギーでまたチンポが勃って来てしまったな」,「グフフッ、今ので貴様から奪ったエネルギーでまたチンポが勃って来てしまったな」,"""Guffaw, the energy I just took from you is making my dick cum again."""
,,,,
Nayuta.Fallen3-42,那由多,「お゛っ♥、エネルギー吸収していただき光栄ですっ♥」,「お゛っ♥、エネルギー吸収していただき光栄ですっ♥」,"""Ooooh, I'm so honored that you absorbed my energy."
,,,,
Nayuta.Fallen3-43,那由多,「どうぞっ、また私のおマンコをお使いくださいっ♥！」,「どうぞっ、また私のおマンコをお使いくださいっ♥！」,"Please, use my pussy again ♥!"
,,,,
Nayuta.Fallen3-44,怪人,「グフフッ、よかろう！」,「グフフッ、よかろう！」,"""Guffaw, that's good!"""
,Nayuta darkness 3-3,,,
Nayuta.Fallen3-45,,そして怪人はまた那由多のマンコへチンポを突き刺す,そして怪人はまた那由多のマンコへチンポを突き刺す,Then the monster thrusts his cock into Nayuta's pussy again.
,,,,
Nayuta.Fallen3-46,那由多,「ん゛あっ♥、ありがとうございますっ♥、オナホ冥利に尽きますっ♥！」,「ん゛あっ♥、ありがとうございますっ♥、オナホ冥利に尽きますっ♥！」,"""Oh, thank you very much, I'm so happy to be able to masturbate!"""
,,,,
Nayuta.Fallen3-47,那由多,(私は選ばれた力ある存在だと思っていましたが…違いましたっ♥),(私は選ばれた力ある存在だと思っていましたが…違いましたっ♥),(I thought I was a chosen and powerful being...but I was not!)
,,,,
Nayuta.Fallen3-48,那由多,(本当の私はっ♥、弱くて、おチンポにご奉仕するだけのメスでしたっ♥),(本当の私はっ♥、弱くて、おチンポにご奉仕するだけのメスでしたっ♥),(The real me was a weak female who only served a cock.)
,,,,
Nayuta.Fallen3-49,那由多,(私…八雲那由多…いえ、オナホはっ♥、強者であるご主人様のチンポに永遠に命を捧げますっ♥),(私…八雲那由多…いえ、オナホはっ♥、強者であるご主人様のチンポに永遠に命を捧げますっ♥),"(I...Yakumo Nayuta...no, masturbator...♥, I will devote my life forever to the cock of the strong master...)"
,,,,
Nayuta.Fallen3-50,,こうして最強の聖核戦姫、八雲那由多は完全に敗北し、聖核戦姫の逆転の芽は完全に潰えるのだった,こうして最強の聖核戦姫、八雲那由多は完全に敗北し、聖核戦姫の逆転の芽は完全に潰えるのだった,"Thus, the strongest Seikaku Princess, Yakumo Nayuta, was completely defeated, and the Seikaku Princess's chance for a comeback was completely crushed."
,,,,
Nayuta Debauchery Scene1,注釈,淫乱化シーン,淫乱化シーン,淫乱化シーン
,,,,
Nayuta.Debauchery1-1,背景(地下),那由多がエレナに敗北してからしばらくして,那由多がエレナに敗北してからしばらくして,Some time after Nayuta's defeat to Erena
,,,,
Nayuta.Debauchery1-2,戦闘員,「オラッ、きびきび歩け！」,「オラッ、きびきび歩け！」,"Orac, walk briskly!"""
,,,,
Nayuta.Debauchery1-3,那由多(制服),「…………何でしょうか？こんな所に連れ出して」,「…………何でしょうか？こんな所に連れ出して」,"""............ what is it? Take me out to this place."""
,,,,
Nayuta.Debauchery1-4,那由多,(…聖核戦姫の力は完全に封じられていますね…悔しいですが大人しく従うほかありません),(…聖核戦姫の力は完全に封じられていますね…悔しいですが大人しく従うほかありません),"(...the power of the Seikaku Princess is completely blocked...it is frustrating, but we have no choice but to obey maturely...)"
,,,,
Nayuta.Debauchery1-5,戦闘員,「お前にはこれまで散々世話になったからなぁ？」,「お前にはこれまで散々世話になったからなぁ？」,"I've taken good care of you so far, haven't I?"""
,,,,
Nayuta.Debauchery1-6,那由多,「…そうですね。」,「…そうですね。」,"...Yes, I do."""
,,,,
Nayuta.Debauchery1-7,戦闘員,「お前は世界中で暴れまわってくれたからなぁ？お前に恨みを持つものは財団関係者以外にも沢山いるんだよ」,「お前は世界中で暴れまわってくれたからなぁ？お前に恨みを持つものは財団関係者以外にも沢山いるんだよ」,"You've been all over the world, haven't you? There are a lot of people who have a grudge against you, not just people from the foundation."""
,,,,
Nayuta.Debauchery1-8,戦闘員,「だからこれからそのお礼参りってわけだ」,「だからこれからそのお礼参りってわけだ」,So now we're going to pay our respects.
,,,,
Nayuta.Debauchery1-9,那由多,「……そうですか。しかし私の体などどうなっても構いません」,「……そうですか。しかし私の体などどうなっても構いません」,"""...... I see. But I don't care what happens to my body."""
,,,,
Nayuta.Debauchery1-10,那由多,「抵抗はしません…責務を果たせなかった私には当然の報いです」,「抵抗はしません…責務を果たせなかった私には当然の報いです」,"I will not resist...I deserved what I got for not doing my duty."""
,,,,
Nayuta.Debauchery1-11,戦闘員,「はっ、いい心がけだなっ！」,「はっ、いい心がけだなっ！」,"Haha, good spirit!"""
,,,,
Nayuta.Debauchery1-12,那由多,(こうなった以上…私にできるのは最後まで聖核戦姫としての誇りを貫くことです),(こうなった以上…私にできるのは最後まで聖核戦姫としての誇りを貫くことです),(Now that this has happened... all I can do is to carry out my pride as the Seikaku Princess to the end.)
,,,,
Nayuta.Debauchery1-13,那由多,(どんな辱めを受けようとも…聖核戦姫の矜持だけは絶対に折れません！),(どんな辱めを受けようとも…聖核戦姫の矜持だけは絶対に折れません！),(No matter what kind of humiliation I receive...I will never break my pride of being the Seikaku Princess!)
,,,,
Nayuta.Debauchery1-14,戦闘員,「よし、じゃあまずはこの服に着替えろ」,「よし、じゃあまずはこの服に着替えろ」,"All right, well, first you need to change into these clothes."""
,,,,
Nayuta.Debauchery1-15,那由多,「……？な、―――――なんですか、これはっ！？」,「……？な、―――――なんですか、これはっ！？」,"I'm thinking, ""......? What, is it ―――――, what is this?"""
,暗転,,,
Nayuta.Debauchery1-16,那由多(メスブタ),「―――――っ、こ、この服、なんでこんなっ！」,「―――――っ、こ、この服、なんでこんなっ！」,"""―――――, this dress, why the hell did you do this!"""
,,,,
Nayuta.Debauchery1-17,戦闘員,「ハハッ！、良く似合ってるぜ、最強の聖核戦姫サマよぉ！」,「ハハッ！、良く似合ってるぜ、最強の聖核戦姫サマよぉ！」,"""Ha ha ha! You look great, you most powerful Seikaku Princess!"
,,,,
Nayuta.Debauchery1-18,那由多,(辱めるだけの服っ――いえ、こんなの服ですらありませんっ！),(辱めるだけの服っ――いえ、こんなの服ですらありませんっ！),"(Clothes that only humiliate ― no, these are not even clothes!)"
,,,,
Nayuta.Debauchery1-19,戦闘員,「オラッ、恥ずかしがってないでついてこい！これからたっぷりとその無様な姿を見てもらうえ！」,「オラッ、恥ずかしがってないでついてこい！これからたっぷりとその無様な姿を見てもらうえ！」,"Don't be shy, follow me! You're going to see a lot of that mess!"""
,,,,
Nayuta.Debauchery1-20,那由多,「っ、ううっ～～～ッ！」,「っ、ううっ～～～ッ！」,"Ughhhhhh!"""
,暗転,,,
,Nayuta debauchery 1-1,,,
Nayuta.Debauchery1-21,戦闘員,「皆様お待たせしましたっ、悪名高き聖核戦姫、八雲那由多ですっ！」,「皆様お待たせしましたっ、悪名高き聖核戦姫、八雲那由多ですっ！」,"""Here I am, the infamous Yakumo Nayuta, the Seikaku Princess!"
,,,,
Nayuta.Debauchery1-22,那由多,(っ、うう～～～～ッ！！！！),(っ、うう～～～～ッ！！！！),"(ugh, ugh ～～～～ッ！！！！)"
,,,,
Nayuta.Debauchery1-23,,那由多は大勢の前で地面に頭をつけ、土下座をしていた,那由多は大勢の前で地面に頭をつけ、土下座をしていた,Nayuta was on his knees with his head on the ground in front of many people.
,,,,
Nayuta.Debauchery1-24,観客1,「ったく、コイツのせいで一体いくつ事業が潰されたか…！」,「ったく、コイツのせいで一体いくつ事業が潰されたか…！」,How many businesses have been destroyed because of him?
,,,,
Nayuta.Debauchery1-25,観客2,「ええ、政府にとっても聖核戦姫は目の上のたんこぶでしたからな」,「ええ、政府にとっても聖核戦姫は目の上のたんこぶでしたからな」,"Yes, the Seikaku Princess was a real eye―opener for the government."
,,,,
Nayuta.Debauchery1-26,観客3,「特にコイツは強すぎて誰も口出しできなかったからな…いい気味だ」,「特にコイツは強すぎて誰も口出しできなかったからな…いい気味だ」,"This one in particular was too powerful for anyone to interfere... it's a nice touch."""
,,,,
Nayuta.Debauchery1-27,那由多,(っ、私はっ、皆が平穏に暮らせるようにしたかっただけなのにっ…！こんなっ),(っ、私はっ、皆が平穏に暮らせるようにしたかっただけなのにっ…！こんなっ),(I just wanted to make sure that everyone could live peacefully...! Oh no...)
,,,,
Nayuta.Debauchery1-28,戦闘員,「えー、ではここで八雲那由多から謝罪の言葉があるようです。皆様一旦耳を傾けてください」,「えー、ではここで八雲那由多から謝罪の言葉があるようです。皆様一旦耳を傾けてください」,"He said, ""Well then, here is a word of apology from Yakumo Nayuta. Everyone please pause to listen."""
,,,,
Nayuta.Debauchery1-29,那由多,「っ、……ぐうっ……」,「っ、……ぐうっ……」,I'm going to go to .......
,,,,
Nayuta.Debauchery1-30,戦闘員,(オラッ！、教えたとおりに言えッ！),(オラッ！、教えたとおりに言えッ！),(Ora! Say exactly what I taught you!)
,,,,
Nayuta.Debauchery1-31,那由多,「私…八雲那由多はっ………これまで聖核戦姫として…皆様に多大なご迷惑をかけたことを……謝罪しますっ！」,「私…八雲那由多はっ………これまで聖核戦姫として…皆様に多大なご迷惑をかけたことを……謝罪しますっ！」,I...Yakumo Nayuta ......... apologize ...... for the trouble I have caused you all as the Seikaku Princess! I apologize!
,,,,
Nayuta.Debauchery1-32,那由多,「幼稚な正義感で……皆様に多くの損害を与えてしまいました………」,「幼稚な正義感で……皆様に多くの損害を与えてしまいました………」,"""We have caused a lot of damage to ...... everyone with our childish sense of justice. ........."
,,,,
Nayuta.Debauchery1-33,那由多,「つきましては…皆様に…謝罪として………性奉仕をさせて頂けないでしょうか……っ！」,「つきましては…皆様に…謝罪として………性奉仕をさせて頂けないでしょうか……っ！」,"""As for... everyone... as an apology, may I ......... offer you a sexual service ......!"""
,,,,
Nayuta.Debauchery1-34,戦闘員,「という事です…では皆様、後はご自由になさってください」,「という事です…では皆様、後はご自由になさってください」,"So, gentlemen, you are free to do as you please."
,,,,
,暗転,,,
,Nayuta debauchery 1-2,,,
Nayuta.Debauchery1-35,那由多,(っ、屈辱ですっ…！いくらなんでもこんな趣味の悪いことをさせるなんてっ),(っ、屈辱ですっ…！いくらなんでもこんな趣味の悪いことをさせるなんてっ),(It's so humiliating...! I can't believe that you would make me do something so bad taste...)
,,,,
Nayuta.Debauchery1-36,観客,「ははっ、しかし改めてみるとバカみたいな格好だな」,「ははっ、しかし改めてみるとバカみたいな格好だな」,"Haha, but then again, I look like an idiot."""
,,,,
Nayuta.Debauchery1-37,観客,「そうですな…ある意味ではよく似合っているとも言えますが」,「そうですな…ある意味ではよく似合っているとも言えますが」,'Well... in some ways it suits you well.
,,,,
Nayuta.Debauchery1-38,那由多,「………っ、………ありがとう…ございます…っ」,「………っ、………ありがとう…ございます…っ」,"""Thank you ........., thank you... for ............"""
,,,,
Nayuta.Debauchery1-39,観客,「あ？、何反抗的なツラしてんだ？これから謝罪フェラするってんのに」,「あ？、何反抗的なツラしてんだ？これから謝罪フェラするってんのに」,"What? What's with the defiant look on your face? I'm about to give you an apology blowjob."""
,Nayuta debauchery 1-３,,,
Nayuta.Debauchery1-40,,そして観客は那由多の面前にチンポを差し出す,そして観客は那由多の面前にチンポを差し出す,And the audience presents their dicks in front of Nayuta's face.
,,,,
Nayuta.Debauchery1-41,観客,「ああ、もちろん手を使うのは禁止だ。メスブタが手を使える道理はねえからな」,「ああ、もちろん手を使うのは禁止だ。メスブタが手を使える道理はねえからな」,"""Oh, of course, you can't use your hands. Because there's no reason why a female pig should be able to use her hands."
,,,,
Nayuta.Debauchery1-42,那由多,「っ！、う゛うっ…心得ていますっ！」,「っ！、う゛うっ…心得ていますっ！」,"I know what I'm talking about! I know what I'm doing!"""
,,,,
Nayuta.Debauchery1-43,観客,「わかったんならとっととしゃぶれ！」,「わかったんならとっととしゃぶれ！」,"If you know what you're doing, then suck it off!"""
,,,,
Nayuta.Debauchery1-44,那由多,「っ、わ、わかりましたっ！」,「っ、わ、わかりましたっ！」,I understand!
,Nayuta debauchery 1-4,,,
Nayuta.Debauchery1-45,,那由多は目の前に差し出されたチンポを慌てて口に含む,那由多は目の前に差し出されたチンポを慌てて口に含む,Nayuta hurriedly takes the cock offered in front of her into her mouth.
,,,,
Nayuta.Debauchery1-46,那由多,「むごっ、むふーっ！」,「むごっ、むふーっ！」,"Mwah!"""
,,,,
Nayuta.Debauchery1-47,那由多,(これが男性のっ…っ、最悪っ！不快ですっ！),(これが男性のっ…っ、最悪っ！不快ですっ！),(This is a man's......oh my god.....this is the worst! It's disgusting!)
,,,,
Nayuta.Debauchery1-48,観客,「おいブタッ、咥えて終わりじゃねえぞ！早くフェラして射精させろ！」,「おいブタッ、咥えて終わりじゃねえぞ！早くフェラして射精させろ！」,"He said, ""Hey, pig, don't just suck me off and be done with it! Come on, suck me off and make me ejaculate!"""
,Nayuta debauchery 1-5,,,
Nayuta.Debauchery1-49,那由多,「ん゛んっ♥、もうひわけごらいまへんっ♥！」,「ん゛んっ♥、もうひわけごらいまへんっ♥！」,"""Oh, no, no, no, no, no, no, no, no, no, no, no, no, no, no, no, no, no, no, no, no, no, no, no, no, no!"
,,,,
Nayuta.Debauchery1-50,,そして那由多は口で男のチンポをしごいていく,そして那由多は口で男のチンポをしごいていく,And Nayuta squeezes the man's cock with her mouth.
,Nayuta debauchery 1-4,,,
Nayuta.Debauchery1-51,那由多,ちゅぱっ♥、ちゅぱっ♥、ちゅぱっ♥,ちゅぱっ♥、ちゅぱっ♥、ちゅぱっ♥,"Chubby, chubby, chubby, chubby, chubby, chubby."
,,,,
Nayuta.Debauchery1-52,那由多,(うぅ～～～っ、何故っ、私がこんなことをッ！),(うぅ～～～っ、何故っ、私がこんなことをッ！),"(Ughhhhhh, why am I doing this!)"
,,,,
Nayuta.Debauchery1-53,観客,「ああ？ふざけてんのか？」,「ああ？ふざけてんのか？」,"""Oh? Are you kidding me?"""
,,,,
Nayuta.Debauchery1-54,観客,「てめえはチンポの事しか頭にないブタなんだよっ！もっとまじめにやれっ！」,「てめえはチンポの事しか頭にないブタなんだよっ！もっとまじめにやれっ！」,"You're a pig who only thinks about his dick! You've got to be more serious!"""
,,,,
Nayuta.Debauchery1-55,那由多,「ん゛ん～～～っ！ん゛っ♥」,「ん゛ん～～～っ！ん゛っ♥」,"♥""♥♥♥♥♥♥♥♥♥♥♥♥♥♥♥♥♥♥ ♥♥♥"""
,Nayuta debauchery 1-5,,,
Nayuta.Debauchery1-56,那由多,(っ、私は最強の聖核戦姫…悔しいですが、これくらいの事ならっ！),(っ、私は最強の聖核戦姫…悔しいですが、これくらいの事ならっ！),"(I am the strongest Seikaku Princess...it's frustrating, but I can do this much!)"
,,,,
Nayuta.Debauchery1-57,,那由多は自分の体力を生かし、頭を前後に激しく揺らしチンポに奉仕する,那由多は自分の体力を生かし、頭を前後に激しく揺らしチンポに奉仕する,"Nayuta uses her strength to serve the cock, rocking her head back and forth violently"
,,,,
Nayuta.Debauchery1-58,,ジュポッ、ジュポッ、ジュポッ、ジュポッ！,ジュポッ、ジュポッ、ジュポッ、ジュポッ！,"Jup, jup, jup, jup, jup!"
,,,,
Nayuta.Debauchery1-59,観客,「……まあいい、とりあえず出してやるっ、オラ！」,「……まあいい、とりあえず出してやるっ、オラ！」,"...... Well, I'll get it out of you anyway, Ora!"""
,Nayuta debauchery 1-6,,,
Nayuta.Debauchery1-60,,ドビュルルッ、ドプッ！,ドビュルルッ、ドプッ！,Doburrrrrrrrrrrrrrrrrrrrrrrrrrrrrrrrrrr!
,,,,
Nayuta.Debauchery1-61,那由多,「ん゛っ♥、ん゛んっ♥、んっ♥♥！」,「ん゛っ♥、ん゛んっ♥、んっ♥♥！」,"""♥♥♥♥♥♥♥♥♥♥♥♥♥♥♥♥♥♥♥♥♥♥♥♥♥♥♥!"""
,,,,
Nayuta.Debauchery1-62,那由多,(これが性液の味っ♥、ぐっ♥、苦くてっ、不愉快ですっ！),(これが性液の味っ♥、ぐっ♥、苦くてっ、不愉快ですっ！),"(This is the taste of sexual fluid ♥, gosh ♥, it's bitter and unpleasant!)"
,Nayuta debauchery 1-７,,,
Nayuta.Debauchery1-63,那由多,「はあっ♥、はあっ♥、んあっ♥」,「はあっ♥、はあっ♥、んあっ♥」,"""Ahh, ah, ah, ah, ah, ah, ah, ah."""
,,,,
Nayuta.Debauchery1-64,観客,「……まあいい、後がつかえてるからな、後でまたぶっかけてやる」,「……まあいい、後がつかえてるからな、後でまたぶっかけてやる」,"""...... Well, I'll just have to hold on to it, I'll spray you again later."""
,Nayuta debauchery 1-8,,,
Nayuta.Debauchery1-65,,そして那由多は別の男のチンポを口に挿入される,そして那由多は別の男のチンポを口に挿入される,And Nayuta gets another man's cock inserted into her mouth.
,,,,
Nayuta.Debauchery1-66,那由多,「ごぶっ♥！？」,「ごぶっ♥！？」,Gobble!
,,,,
Nayuta.Debauchery1-67,観客,「では次は私が、全員が満足するまで頑張ってもらわなくては」,「では次は私が、全員が満足するまで頑張ってもらわなくては」,"Then I must be next and make sure everyone is satisfied."""
,,,,
Nayuta.Debauchery1-68,那由多,「ん゛っ♥、ん゛んっ♥、んっ♥♥！？」,「ん゛っ♥、ん゛んっ♥、んっ♥♥！？」,"""♥♥♥♥♥♥♥♥♥♥♥♥♥♥♥♥♥♥♥♥♥♥♥♥♥♥!"""
,,,,
Nayuta.Debauchery1-69,那由多,(ここにいる全員の…こ…これをっ！？),(ここにいる全員の…こ…これをっ！？),(All of us here... here... here!)
,,,,
Nayuta.Debauchery1-70,那由多,(くううっ……いえ、ここでくじけてはいけませんっ…最期まで精神に誇りをっ！),(くううっ……いえ、ここでくじけてはいけませんっ…最期まで精神に誇りをっ！),"(Kuuuh ...... No, we must not falter here... Proud of our spirit until the end!)"
,,,,
Nayuta.Debauchery1-71,,そして那由多は次の男のチンポをしゃぶり始める,そして那由多は次の男のチンポをしゃぶり始める,Then Nayuta starts sucking the next guy's dick.
,,,,
Nayuta.Debauchery1-72,那由多,(これも試練ですっ…、どんなに辱められようとも…絶対に負けませんッ♥！),(これも試練ですっ…、どんなに辱められようとも…絶対に負けませんッ♥！),(This is also an ordeal...no matter how much I am humiliated...I will never lose!)
,,,,
Nayuta.Debauchery1-73,,そして翌朝,そして翌朝,And the next morning
,Nayuta debauchery 1-9,,,
Nayuta.Debauchery1-74,那由多,「ゲプッ♥、………オ゛、オエッ♥」,「ゲプッ♥、………オ゛、オエッ♥」,"""Gep ♥, ......... ♥, oe ♥."""
,,,,
Nayuta.Debauchery1-75,観客,「ふう、出した出した、ったくすげえザーメン臭だな」,「ふう、出した出した、ったくすげえザーメン臭だな」,"""I've got it, I've got it, it smells like cum."
,,,,
Nayuta.Debauchery1-76,観客,「刀を使う聖核戦姫ですからね、チンポの扱いも上手いのでしょう」,「刀を使う聖核戦姫ですからね、チンポの扱いも上手いのでしょう」,"She's a Seikaku Princess who uses a sword, so she must be good with dicks."""
,,,,
Nayuta.Debauchery1-77,那由多,(う゛あっ♥、気持ち…悪いっ♥、さい…あくっ♥),(う゛あっ♥、気持ち…悪いっ♥、さい…あくっ♥),"(Oh, God, I feel...bad...♥, I feel...bad...♥, I feel...ah...ah...ah...ah...ah...ah...ah...)"
,,,,
Nayuta.Debauchery1-78,観客,「おらブタ、最後に感謝の挨拶しろ」,「おらブタ、最後に感謝の挨拶しろ」,"Hey, pig, say thank you at the end."
,,,,
Nayuta.Debauchery1-79,那由多,「っ、…わ、わかりましたっ…♥」,「っ、…わ、わかりましたっ…♥」,"I understand...♥"""
,Nayuta debauchery 1-10,,,
Nayuta.Debauchery1-80,,那由多は性液まみれの体で再び土下座をする,那由多は性液まみれの体で再び土下座をする,Nayuta gets down on her knees again with her body covered in sexual fluids
,,,,
Nayuta.Debauchery1-81,那由多,「本日は…那由多ブタで沢山射精していただき…ありがとうございましたっ♥」,「本日は…那由多ブタで沢山射精していただき…ありがとうございましたっ♥」,Thank you very much for ejaculating so much with Nayuta Buta today.
,,,,
Nayuta.Debauchery1-82,那由多,「今後とも…財団と那由多をどうぞよろしくお願いしますっ♥」,「今後とも…財団と那由多をどうぞよろしくお願いしますっ♥」,I look forward to your continued support for the Foundation and Nayuta.
,,,,
Nayuta.Debauchery1-83,那由多,(っ、屈辱でしたが…やっと、終わりましたっ♥…これで少し休めますっ),(っ、屈辱でしたが…やっと、終わりましたっ♥…これで少し休めますっ),"(It was humiliating... but finally, it's over... now I can rest a little...)"
,,,,
Nayuta.Debauchery1-84,,その時、戦闘員が那由多のもとにやってくる,その時、戦闘員が那由多のもとにやってくる,"At that time, a combatant comes to Nayuta"
,,,,
Nayuta.Debauchery1-85,戦闘員,「やっと終わったか？じゃあとっととシャワー浴びて準備するぞ。次の場所だ」,「やっと終わったか？じゃあとっととシャワー浴びて準備するぞ。次の場所だ」,"You're finally done? Then let's shower and get ready. Next stop."""
,,,,
Nayuta.Debauchery1-86,那由多,「なっ？、なんでっ！？」,「なっ？、なんでっ！？」,What? Why?
,,,,
Nayuta.Debauchery1-87,戦闘員,「お前が迷惑かけたのがこれだけなわけがないだろ？これから毎日寝る間も惜しんでチンポ奉仕だ」,「お前が迷惑かけたのがこれだけなわけがないだろ？これから毎日寝る間も惜しんでチンポ奉仕だ」,"""This can't be all the trouble you've caused, can it? From now on, I'm going to spend every waking moment serving your dick."""
,,,,
Nayuta.Debauchery1-88,戦闘員,「わかったらとっとと準備しろ。しばらく休めると思うなよ？」,「わかったらとっとと準備しろ。しばらく休めると思うなよ？」,"""Get ready to go. Don't think you can rest for a while?"""
,,,,
Nayuta.Debauchery1-89,那由多,「なっ、そんなっ…！待って、無理っ…！」,「なっ、そんなっ…！待って、無理っ…！」,"""No, no, no, no...! Wait, I can't...!"
,,,,
Nayuta.Debauchery1-90,,その後、那由多はメスブタとして、世界中での壮絶な性奉仕の日々が続くのだった,その後、那由多はメスブタとして、世界中での壮絶な性奉仕の日々が続くのだった,"After that, Nayuta was a female pig, and her days of spectacular sexual service around the world continued!"
Nayuta Debauchery Scene2,注釈,淫乱化シーン,淫乱化シーン,淫乱化シーン
Nayuta.Debauchery2-1,,那由多の性奉仕の日々がしばらく続いた後―――――,那由多の性奉仕の日々がしばらく続いた後―――――,After a while of Nayuta's sexual services: ―――――
,Nayuta debauchery 2ｰ1,,,
Nayuta.Debauchery2-2,那由多,「申し訳ありませんっ♥、メスブタ那由多、ただいま到着いたしましたっ♥」,「申し訳ありませんっ♥、メスブタ那由多、ただいま到着いたしましたっ♥」,"I'm sorry, Nayuta the pig, we've just arrived."
,,,,
Nayuta.Debauchery2-3,観客,「遅かったなぁ？何やってたんだ？」,「遅かったなぁ？何やってたんだ？」,"What took you so long? What were you doing?"""
,,,,
Nayuta.Debauchery2-4,那由多,「他の方々にもご奉仕をしていて…遅れてしまい申し訳ありませんっ♥」,「他の方々にもご奉仕をしていて…遅れてしまい申し訳ありませんっ♥」,"I'm sorry I'm late, I've been serving other people."
,,,,
Nayuta.Debauchery2-5,観客,「なるほどな、通りでザーメン臭いわけだ」,「なるほどな、通りでザーメン臭いわけだ」,I see. No wonder you smell like cum in the street.
,,,,
Nayuta.Debauchery2-6,那由多,「体の落書きも消せなくて…大丈夫ですっ♥ご奉仕に支障はありませんのでっ♥」,「体の落書きも消せなくて…大丈夫ですっ♥ご奉仕に支障はありませんのでっ♥」,I can't even erase the graffiti on my body...it's okay...it won't interfere with my service.
,,,,
Nayuta.Debauchery2-7,観客,「まあいいや、とっととチンポしゃぶれ」,「まあいいや、とっととチンポしゃぶれ」,"""Oh well, get on with it and suck my dick."""
,,,,
Nayuta.Debauchery2-8,那由多,「はいっ♥、那由多っ♥皆様のおチンポしゃぶらせていただきますっ♥！」,「はいっ♥、那由多っ♥皆様のおチンポしゃぶらせていただきますっ♥！」,"Yes, Nayuta, I will suck your cock!"
,Nayuta debauchery 2-2,,,
Nayuta.Debauchery2-9,,そして那由多はためらうことなく目の前のチンポを口に入れる,そして那由多はためらうことなく目の前のチンポを口に入れる,And Nayuta puts the cock in front of her mouth without hesitation.
,,,,
Nayuta.Debauchery2-10,Nayuta debauchery 2-3,ジュポッ、ジュポッ、ジュポッ、ジュポッ！,ジュポッ、ジュポッ、ジュポッ、ジュポッ！,"Jup, jup, jup, jup, jup!"
,,,,
Nayuta.Debauchery2-11,那由多,「むふっ♥どーれすかっ♥わらひの口マンコっ♥」,「むふっ♥どーれすかっ♥わらひの口マンコっ♥」,"""Muhuhu, do you want some of that?"
,,,,
Nayuta.Debauchery2-12,観客,「おっ、那由多ちゃんチンポしゃぶるの随分上手くなったね」,「おっ、那由多ちゃんチンポしゃぶるの随分上手くなったね」,"""Oh, Nayuta, you're getting so good at sucking cock."""
,,,,
Nayuta.Debauchery2-13,那由多,「はひっ♥、沢山練習したのでっ♥、即尺フェラは得意技ですっ♥」,「はひっ♥、沢山練習したのでっ♥、即尺フェラは得意技ですっ♥」,"I've practiced a lot, so I'm good at giving a quick blowjob."
,,,,
Nayuta.Debauchery2-14,観客,「ははっ！流石は元最強の聖核戦姫だ、センスは抜群だな！」,「ははっ！流石は元最強の聖核戦姫だ、センスは抜群だな！」,"""Haha! You're the former most powerful Seikaku Princess, you've got great taste!"""
,,,,
Nayuta.Debauchery2-15,那由多,「ありがとうございますっ♥、メスブタ那由多っ♥嬉しいですっ♥」,「ありがとうございますっ♥、メスブタ那由多っ♥嬉しいですっ♥」,"Thank you, Nayuta, I'm so happy!"
,,,,
Nayuta.Debauchery2-16,,そして那由多は唇に力を入れ、男のチンポの裏筋をなぞるようにフェラしていく,そして那由多は唇に力を入れ、男のチンポの裏筋をなぞるようにフェラしていく,"Then Nayuta puts her lips on the man's cock and sucks it, tracing the underside of the man's cock"
,,,,
Nayuta.Debauchery2-17,,ジュポッ、ジュポッ、ジュポッ、ジュポッ！,ジュポッ、ジュポッ、ジュポッ、ジュポッ！,"Jup, jup, jup, jup, jup!"
,Nayuta debauchery 2-3,,,
Nayuta.Debauchery2-18,那由多,(わかりますっ、今は剣を握る感覚より…口の中のチンポの感覚の方が研ぎ澄まされているっ♥),(わかりますっ、今は剣を握る感覚より…口の中のチンポの感覚の方が研ぎ澄まされているっ♥),"(I know, now the sensation of a cock in my mouth is sharper than the sensation of holding a sword... ♥)"
,,,,
Nayuta.Debauchery2-19,那由多,(チンポの扱い方…刀の道よりも奥が深いですっ♥),(チンポの扱い方…刀の道よりも奥が深いですっ♥),(How to handle a cock...it's deeper than the way of the sword ♥)
,,,,
Nayuta.Debauchery2-20,観客,「那由多ちゃんチンポに必死でフェラ顔になっちゃって…まあ最後まで頼むよ」,「那由多ちゃんチンポに必死でフェラ顔になっちゃって…まあ最後まで頼むよ」,"Nayuta―chan, you're so desperate for cock that you've got a blowjob face... well, just finish me off, please."""
,,,,
Nayuta.Debauchery2-21,那由多,「ジュプッ♥、那由多にっ♥、おまかせくらはいっ♥！」,「ジュプッ♥、那由多にっ♥、おまかせくらはいっ♥！」,"""Jup, Nayuta, leave it to me!"""
,,,,
Nayuta.Debauchery2-22,,ジュポッ、ジュポッ、ジュポッ、ジュポッ！,ジュポッ、ジュポッ、ジュポッ、ジュポッ！,"Jup, jup, jup, jup, jup!"
,,,,
Nayuta.Debauchery2-23,那由多,「んっ♥、ん゛ふっ♥、ぶもっ♥、ぶもっ♥」,「んっ♥、ん゛ふっ♥、ぶもっ♥、ぶもっ♥」,"""Mmm, mmm, mmm, mmm, mmm, mmm, mmm."""
,,,,
Nayuta.Debauchery2-24,観客,「っ、おおっ、がっつきやがって、出すぞっ！」,「っ、おおっ、がっつきやがって、出すぞっ！」,"""Oh, oh, you greedy, greedy, I'm gonna get you out!"""
,,,,
Nayuta.Debauchery2-25,那由多,「ぶもっ♥、ぶもっ♥、なゆたのくひにっ♥、だひてくらはいっ♥」,「ぶもっ♥、ぶもっ♥、なゆたのくひにっ♥、だひてくらはいっ♥」,"""Bumo, bumo, nayuta no kuhini, dahitte kurayai!"""
,Nayuta debauchery 2-4,,,
Nayuta.Debauchery2-26,,ドビュルルッ、ドプッ！,ドビュルルッ、ドプッ！,Doburrrrrrrrrrrrrrrrrrrrrrrrrrrrrrrrrrr!
,,,,
Nayuta.Debauchery2-27,那由多,「ん゛ん～～～っ♥！ゴキュッ♥、ゴキュッ♥」,「ん゛ん～～～っ♥！ゴキュッ♥、ゴキュッ♥」,"""Oh, God, oh, God, oh, God! "
,Nayuta debauchery 2-5,,,
Nayuta.Debauchery2-28,那由多,「ん゛っ♥、んうっ♥、むふ～っ♥、むふ～っ♥」,「ん゛っ♥、んうっ♥、むふ～っ♥、むふ～っ♥」,"""Mmmmmm, mmmm, mmmm, mmmm, mmmm, mmmm."""
,,,,
Nayuta.Debauchery2-29,観客,「コイツッ、出したってのにチンポから口離さねえｗ」,「コイツッ、出したってのにチンポから口離さねえｗ」,"""This guy won't take his mouth off my dick even though I've already taken it out."""
,,,,
Nayuta.Debauchery2-30,那由多,「むふっ♥、那由多はっ、おチンポが大好きなのでっ♥」,「むふっ♥、那由多はっ、おチンポが大好きなのでっ♥」,"""Muhu♥, Nayuta loves cock so much!"""
,,,,
Nayuta.Debauchery2-31,那由多,「皆様っ♥、那由多の口オナホッ♥、沢山お使いくださいっ♥！」,「皆様っ♥、那由多の口オナホッ♥、沢山お使いくださいっ♥！」,"""Ladies and gentlemen, please use Nayuta's mouth masturbation as much as you can!"
,,,,
Nayuta.Debauchery2-32,,数時間後,数時間後,a few hours later
,Nayuta debauchery 2-6,,,
Nayuta.Debauchery2-33,那由多,「ふごっ♥、ジュルッ♥、ズルルッ♥、ジュルッ♥！」,「ふごっ♥、ジュルッ♥、ズルルッ♥、ジュルッ♥！」,"Hugo♥, julk♥, zulk♥, julk♥!"""
,,,,
Nayuta.Debauchery2-34,,那由多は何度も口内射精され、顔は精液にまみれていた,那由多は何度も口内射精され、顔は精液にまみれていた,Nayuta was repeatedly ejaculated into her mouth and her face was covered with semen
,,,,
Nayuta.Debauchery2-35,観客,「ったくいつまでチンポしゃぶってりゃ気が済むんだ？」,「ったくいつまでチンポしゃぶってりゃ気が済むんだ？」,"How long am I going to have to suck your dick?"""
,,,,
Nayuta.Debauchery2-36,観客,「凄い体力ですな…さすがは元最強の聖核戦姫」,「凄い体力ですな…さすがは元最強の聖核戦姫」,You have great physical strength...as one would expect from the former most powerful Seikaku Princess.
,,,,
Nayuta.Debauchery2-37,那由多,「むふー♥、ズルルッ♥、ジュルッ♥、ザーメンっもっとくらさいッ♥」,「むふー♥、ズルルッ♥、ジュルッ♥、ザーメンっもっとくらさいッ♥」,"""Muhhhh, slurp, slurp, cum, cum, cum, cum, cum!"""
,,,,
Nayuta.Debauchery2-38,観客,「まだ欲しがるか…呆れた性欲だな」,「まだ欲しがるか…呆れた性欲だな」,"Still wanting it... you've got a disgusting libido."""
,,,,
Nayuta.Debauchery2-39,観客,「ええ、豚鼻フックも良く似合っています」,「ええ、豚鼻フックも良く似合っています」,"Yes, and the pig nose hook looks great."""
,Nayuta debauchery 2-7,,,
Nayuta.Debauchery2-40,,そしてズルリと那由多の口からチンポが引き抜かれる,そしてズルリと那由多の口からチンポが引き抜かれる,"Then, the cock is pulled out of Nayuta's mouth with a slurp."
,,,,
Nayuta.Debauchery2-41,那由多,「ゲプッ♥、ゲホッ♥、んあっ♥」,「ゲプッ♥、ゲホッ♥、んあっ♥」,"""Gobble, gobble, gobble, gobble, gobble, gobble."""
,,,,
Nayuta.Debauchery2-42,観客,「ふう、しかしあの最強の聖核戦姫がここまで堕ちるとはな」,「ふう、しかしあの最強の聖核戦姫がここまで堕ちるとはな」,"""Phew, but who would have thought that mighty Seikaku Princess would have fallen so far?"""
,,,,
Nayuta.Debauchery2-43,那由多,「ゲプッ♥、はいっ♥、那由多は自分を強いと勘違いしていたただのメスブタでしたっ♥」,「ゲプッ♥、はいっ♥、那由多は自分を強いと勘違いしていたただのメスブタでしたっ♥」,Nayuta was just a bitch who mistakenly thought she was strong.
,,,,
Nayuta.Debauchery2-44,観客,「ははっ、バカみたいな格好でザーメンまみれでチンポにむしゃぶりついて…プライドとかはねえのか？」,「ははっ、バカみたいな格好でザーメンまみれでチンポにむしゃぶりついて…プライドとかはねえのか？」,"""Haha, you're dressed like an idiot, covered in cum and sucking cock... don't you have any pride or something?"""
,,,,
Nayuta.Debauchery2-45,那由多,「はいっ♥、那由多には馬鹿なメスブタなのでっ♥、おチンポさえあればいいですっ♥」,「はいっ♥、那由多には馬鹿なメスブタなのでっ♥、おチンポさえあればいいですっ♥」,"Yes, I'm a stupid bitch to Nayuta, so as long as I have a cock, I'm fine."
,,,,
Nayuta.Debauchery2-46,観客,「やれやれ、こんな女に苦労していた私達の方が情けなくなってきますな」,「やれやれ、こんな女に苦労していた私達の方が情けなくなってきますな」,"Good grief, it makes those of us who had to struggle with such a woman seem more pathetic."""
,,,,
Nayuta.Debauchery2-47,観客,「私も流石に下品すぎて飽きてきました」,「私も流石に下品すぎて飽きてきました」,"'I, too, am growing tired of the vulgarity of quicksand."
,,,,
Nayuta.Debauchery2-48,観客,「まあ…娼館かAV辺りに売り飛ばせばいいでしょう。どこまで堕ちるか見ものです」,「まあ…娼館かAV辺りに売り飛ばせばいいでしょう。どこまで堕ちるか見ものです」,"Well...sell her to a whorehouse or porn. Let's see how far they fall."""
,,,,
Nayuta.Debauchery2-49,那由多,「っ…ひどいっ♥、でもっ♥、おチンポがあるなら……♥、それでもいいですっ♥」,「っ…ひどいっ♥、でもっ♥、おチンポがあるなら……♥、それでもいいですっ♥」,"I'm sorry, but if you have a penis ......, I don't care."
,,,,
Nayuta.Debauchery2-50,那由多,「でも捨てられる前に…後ちょっとだけッ♥、皆様のおチンポしゃぶらせてくださいっ♥」,「でも捨てられる前に…後ちょっとだけッ♥、皆様のおチンポしゃぶらせてくださいっ♥」,"But before you throw me away...just a little bit more...please let me suck your cock..."""
,,,,
Nayuta.Debauchery2-51,,そこにかつての凛とした最強の聖核戦姫の面影はなく、那由多はどこまでも快楽の世界へ堕ちていくのだった,そこにかつての凛とした最強の聖核戦姫の面影はなく、那由多はどこまでも快楽の世界へ堕ちていくのだった,"There was no trace of the once dignified and powerful Princess of the Seikaku, and Nayuta fell into the world of pleasure to no end."
,,,,
Nayuta Core Scene,注釈,聖核シーン,聖核シーン,聖核シーン
,,,,
Nayuta.Core1-1,暗転,那由多が敗北してからしばらくして―――――,那由多が敗北してからしばらくして―――――,"Some time after Nayuta's defeat, ―――――"
,Nayuta core1-1,,,
Nayuta.Core1-2,,那由多は重厚な器具で大股開きの体制で厳重に四肢を拘束されていた,那由多は重厚な器具で大股開きの体制で厳重に四肢を拘束されていた,Nayuta was severely bound at the extremities in a wide―legged position with a heavy apparatus.
,,,,
Nayuta.Core1-3,那由多,「……………………。」,「……………………。」,"........................."""
,,,,
Nayuta.Core1-4,那由多,(随分と頑丈な拘束ですね…私の力でも拘束を破壊できるイメージが全く湧きません),(随分と頑丈な拘束ですね…私の力でも拘束を破壊できるイメージが全く湧きません),(It's a very sturdy restraint... I can't imagine that even my power can destroy the restraint at all.)
,,,,
Nayuta.Core1-5,,その時、部屋の中に数人の戦闘員が入ってくる,その時、部屋の中に数人の戦闘員が入ってくる,"At that moment, several combatants enter the room"
,,,,
Nayuta.Core1-6,戦闘員,「おうおう、最強の聖核戦姫が随分と情けない姿だなあ？」,「おうおう、最強の聖核戦姫が随分と情けない姿だなあ？」,"""Oh, oh, how pathetic the most powerful Seikaku Princess looks, huh?"""
,,,,
Nayuta.Core1-7,戦闘員,「俺達みたいな下っ端に無抵抗でマンコ見られてる気分はどうだ？」,「俺達みたいな下っ端に無抵抗でマンコ見られてる気分はどうだ？」,"How does it feel to have a bunch of lowlifes like us looking at your pussy unprovoked?"""
,,,,
Nayuta.Core1-8,那由多,「……………………。」,「……………………。」,"........................."""
,,,,
Nayuta.Core1-9,那由多,「どうでもいい事です…それより、一体何の目的で私を拘束しているのでしょうか？」,「どうでもいい事です…それより、一体何の目的で私を拘束しているのでしょうか？」,"It doesn't matter...more importantly, what the hell are they holding me for?"""
,,,,
Nayuta.Core1-10,戦闘員,「はっ、流石最強の聖核戦姫様だなっ、まあ今からするのはちょっとした実験みたいなもんだ」,「はっ、流石最強の聖核戦姫様だなっ、まあ今からするのはちょっとした実験みたいなもんだ」,"Haha, you are the most powerful Seikaku Princess, well, what I'm about to do now is a bit of an experiment."""
,,,,
Nayuta.Core1-11,那由多,(やれやれ……その程度、全く取るに足らない事です),(やれやれ……その程度、全く取るに足らない事です),"(Oh dear, ...... that's about it, it's totally inconsequential.)"
,,,,
Nayuta.Core1-12,,(この程度の戦闘員ならいくら攻撃されても私にはダメージは入らないでしょうし),(この程度の戦闘員ならいくら攻撃されても私にはダメージは入らないでしょうし),"(And with a fighter of this caliber, no amount of attacks will do any damage to me.)"
,,,,
Nayuta.Core1-13,,(まあ飽きるまで好きにさせておきましょう…それまでの辛抱です),(まあ飽きるまで好きにさせておきましょう…それまでの辛抱です),"(Well, let them do what they want until they get bored... and then we'll be patient.)"
,,,,
Nayuta.Core1-14,那由多,「好きにしなさい…………三下に興味はありません」,「好きにしなさい…………三下に興味はありません」,"Do what you want. ............ I'm not interested in the bottom three."""
,,,,
Nayuta.Core1-15,戦闘員,「はっ！いつまでそのすました顔が続くか楽しみだ！」,「はっ！いつまでそのすました顔が続くか楽しみだ！」,"Ha! Can't wait to see how long you can keep that smug look on your face!"""
,,,,
Nayuta.Core1-16,戦闘員,「あの最強の聖核戦姫相手だからな…俺達も色々準備させてもらったぜ？」,「あの最強の聖核戦姫相手だからな…俺達も色々準備させてもらったぜ？」,We've done a lot of preparation for this fight against the most powerful Seikaku Princess.
,,,,
Nayuta.Core1-17,,そう言うと一人の戦闘員の戦闘員が液体の入った巨大な注射器を持ってくる,そう言うと一人の戦闘員の戦闘員が液体の入った巨大な注射器を持ってくる,Then one fighter fighter fighter brings a huge syringe full of liquid.
,,,,
Nayuta.Core1-18,那由多,「……………っ、……それはっ……！？」,「……………っ、……それはっ……！？」,"""..............., ...... that's ......!"""
,,,,
Nayuta.Core1-19,戦闘員,「今からこれをてめえのケツ穴にぶち込んでやるんだよっ！オラッ！」,「今からこれをてめえのケツ穴にぶち込んでやるんだよっ！オラッ！」,Now I'm going to put this in your asshole! Hey!
,Nayuta core1-2,,,
Nayuta.Core1-20,,ズブッッッ！,ズブッッッ！,Zub!
,,,,
Nayuta.Core1-21,那由多,「ッッッ………ッ！！！」,「ッッッ………ッ！！！」,"""Ahh .........!!!!!!!!!!!!!!!!!!!!!!!!!!"""
,,,,
Nayuta.Core1-22,,そして戦闘員はシリンダーを押し込み、中の液体を那由多の直腸に流し込む,そして戦闘員はシリンダーを押し込み、中の液体を那由多の直腸に流し込む,The fighter then pushes the cylinder in and pours the liquid inside into Nayuta's rectum.
,,,,
Nayuta.Core1-23,,ギュルルルッ！グボッ！,ギュルルルッ！グボッ！, Gubot!
,,,,
Nayuta.Core1-24,那由多,「ッッ………ぅ、んうッッッ………！！」,「ッッ………ぅ、んうッッッ………！！」,"""Ugh ........., mmmm .........!!!!"""
,,,,
Nayuta.Core1-25,戦闘員,「うおっコイツ、ケツ穴も凄い抵抗だなっ！」,「うおっコイツ、ケツ穴も凄い抵抗だなっ！」,"""Whoa, this guy's asshole is putting up a hell of a fight!"""
,,,,
Nayuta.Core1-26,那由多,「……っ、やめなさいっ！、何のつもりですかっ！！」,「……っ、やめなさいっ！、何のつもりですかっ！！」,"I said, ""......, stop it! What the hell are you doing!"
,,,,
Nayuta.Core1-27,戦闘員,「あ？、好きにしろって言ったのはお前だろうがっ、オラッ、残り全部入れるぞっ！」,「あ？、好きにしろって言ったのはお前だろうがっ、オラッ、残り全部入れるぞっ！」,"""Oh? You're the one who told me to do what I wanted, so I'm going to put all the rest in!"""
,,,,
Nayuta.Core1-28,,ギュルルッルッ！キュポンッ！,ギュルルッルッ！キュポンッ！, Cupon!
,Nayuta core 1-3,,,
Nayuta.Core1-29,,シリンダー内の液体がすべて那由多の直腸に入れられ、戦闘員は注射器を引き抜く,シリンダー内の液体がすべて那由多の直腸に入れられ、戦闘員は注射器を引き抜く,"All the liquid in the cylinder is put into Nayuta's rectum, and the fighter pulls out the syringe"
,,,,
Nayuta.Core1-30,那由多,「っ………！ぐっ……はっ♥」,「っ………！ぐっ……はっ♥」,"♥""♥.........! Gg...... ha♥"""
,Nayuta core 1-4,,,
Nayuta.Core1-31,,(っ……何ですかこの液体はっ……ドロドロしてっ…不愉快ですッ),(っ……何ですかこの液体はっ……ドロドロしてっ…不愉快ですッ),(What is this liquid? ...... It's so sludgy... it's disgusting...)
,,,,
Nayuta.Core1-32,,(それにっ………何か力を吸われているようなっ……),(それにっ………何か力を吸われているようなっ……),"(And, ......... something is sucking the power out of me. ......)"
,,,,
Nayuta.Core1-33,戦闘員,「ったく最強の聖核戦姫様はケツ穴まで最強か？」,「ったく最強の聖核戦姫様はケツ穴まで最強か？」,"""So the most powerful Seikaku Princess is also the most powerful asshole?"""
,,,,
Nayuta.Core1-34,戦闘員,「ああ、一応言っとくが漏らすんじゃねえぞ？最強の聖核戦姫がそんなみっともないことはしねえよな？」,「ああ、一応言っとくが漏らすんじゃねえぞ？最強の聖核戦姫がそんなみっともないことはしねえよな？」,"""Oh, and just so you know, don't leak anything, okay? The most powerful Seikaku Princess wouldn't do something so pathetic, would she?"""
,,,,
Nayuta.Core1-35,,那由多は腹に力を入れ、少し外に出かかっていた液体を戻そうとする,那由多は腹に力を入れ、少し外に出かかっていた液体を戻そうとする,Nayuta strains her abdomen and tries to bring back some of the liquid that had almost come out.
,Nayuta core 1-5,,,
Nayuta.Core1-36,那由多,「……はっ♥、あたりまえですっ！」,「……はっ♥、あたりまえですっ！」,"""...... ha♥, of course!"""
,,,,
Nayuta.Core1-37,那由多,「しかしっ……あなた達っ、いったい何の液体を入れたのですか…！？」,「しかしっ……あなた達っ、いったい何の液体を入れたのですか…！？」,"But, ......, what the hell did you guys put in the liquid?"
,,,,
Nayuta.Core1-38,戦闘員,「まあ教えてやるか。これはお前の聖核戦姫のエネルギーの源、聖核を固定する液体だ」,「まあ教えてやるか。これはお前の聖核戦姫のエネルギーの源、聖核を固定する液体だ」,"Well, let me tell you something. This is the liquid that fixes the Seikaku, the source of energy for your Seikaku Princess."""
,,,,
Nayuta.Core1-39,,「お前の体中から聖核を集めて腸内に固定するってわけだな」,「お前の体中から聖核を集めて腸内に固定するってわけだな」,"So they're going to collect the Seikaku from all over your body and fix it in your intestines."""
,,,,
Nayuta.Core1-40,那由多,「っ、やはりっ……っ！？」,「っ、やはりっ……っ！？」,I knew it. ......?
,,,,
Nayuta.Core1-41,戦闘員,「お前が次にそれを出した時がお前が聖核戦姫として終わる時ってわけだ」,「お前が次にそれを出した時がお前が聖核戦姫として終わる時ってわけだ」,The next time you pull that out will be the end of you as the Seikaku Princess.
,,,,
Nayuta.Core1-42,那由多,「っ……………なるほどっ♥、そういう事だったのですね…」,「っ……………なるほどっ♥、そういう事だったのですね…」,"I see...I see...I see...that's what you meant..."""
,,,,
Nayuta.Core1-43,那由多,(いえっ……この程度、焦ってはいけません),(いえっ……この程度、焦ってはいけません),"(yep ...... this much, don't be in a hurry)"
,,,,
Nayuta.Core1-44,,(時間をかければ私の雷でこの液体を分解して無力化させることもできるはず…),(時間をかければ私の雷でこの液体を分解して無力化させることもできるはず…),"(With time, my lightning should be able to break up this liquid and neutralize it...)"
,,,,
Nayuta.Core1-45,,(今耐えるべきは……っ),(今耐えるべきは……っ),(What you need to endure now is ......)
,,,,
Nayuta.Core1-46,,ギュルルッルッッ！,ギュルルッルッッ！,Gulp!
,,,,
Nayuta.Core1-47,,(この……お腹の排泄感……っでしょうかっ…………！),(この……お腹の排泄感……っでしょうかっ…………！),(This ...... feeling of excretion in the belly ...... isn't it? ............!)
,,,,
Nayuta.Core1-48,,(おそらくこの液体の分解までにかかる時間は6時間ほど…！),(おそらくこの液体の分解までにかかる時間は6時間ほど…！),(Probably about 6 hours for this liquid to decompose...!)
,,,,
Nayuta.Core1-49,,(私は最強の聖核戦姫っ、この程度私なら耐えられますっ！),(私は最強の聖核戦姫っ、この程度私なら耐えられますっ！),"(I am the strongest Seikaku Princess, I can withstand this much!)"
,,,,
Nayuta.Core1-50,戦闘員,「どうやら覚悟が決まったみたいだな？」,「どうやら覚悟が決まったみたいだな？」,"Looks like you're ready for this, huh?"""
,,,,
Nayuta.Core1-51,那由多,「……仮にも私は最強の聖核戦姫。この程度のことで私がうろたえると本気で思っているのですか？」,「……仮にも私は最強の聖核戦姫。この程度のことで私がうろたえると本気で思っているのですか？」,"""...... Even if I am the most powerful Seikaku Princess. Do you really think I would be daunted by something of this magnitude?"""
,,,,
Nayuta.Core1-52,戦闘員,「ああ、だからまだ色々準備してるぞ？」,「ああ、だからまだ色々準備してるぞ？」,"Yeah, so we're still setting things up, right?"""
,Nayuta core 1-6,,,
Nayuta.Core1-53,,那由多の前に台車に乗せられた巨大な機械が現れ、那由多のアナルに照準を定める,那由多の前に台車に乗せられた巨大な機械が現れ、那由多のアナルに照準を定める,A huge machine on a cart appears in front of Nayuta and sets its sights on Nayuta's anus.
,,,,
Nayuta.Core1-54,那由多,「っ……これは……っ！？」,「っ……これは……っ！？」,"""What the ...... is this ......?"""
,,,,
Nayuta.Core1-55,戦闘員,「相手は最強の聖核戦姫だからな、こっちも対策してんだよ」,「相手は最強の聖核戦姫だからな、こっちも対策してんだよ」,"The other side is the most powerful Seikaku Princess, so we have countermeasures."""
,,,,
Nayuta.Core1-56,,「このピストンマシーンでてめえのケツ穴をぶっ壊して無理やり出させるってわけだ」,「このピストンマシーンでてめえのケツ穴をぶっ壊して無理やり出させるってわけだ」,"""I'm going to use this piston machine to destroy your asshole and force you to let me out."""
,,,,
Nayuta.Core1-57,那由多,「なっ…………そ、そんなっ………！？」,「なっ…………そ、そんなっ………！？」,"""What the ............, that's so, so, so .........!"""
,,,,
Nayuta.Core1-58,,ピストンは那由多の腕ほども太く、ブツブツとコーン上の突起が付いている,ピストンは那由多の腕ほども太く、ブツブツとコーン上の突起が付いている,"The piston is as thick as Nayuta's arm, with mussels and protrusions on the cone."
,,,,
Nayuta.Core1-59,戦闘員,「最強の聖核戦姫がこれにどこまで耐えられるか見ものだなぁ？」,「最強の聖核戦姫がこれにどこまで耐えられるか見ものだなぁ？」,"Let's see how long the mightiest Seikaku Princess can withstand this, shall we?"""
,,,,
Nayuta.Core1-60,那由多,「っ、や、やめなさいっ！そんなの入るわけがっ！」,「っ、や、やめなさいっ！そんなの入るわけがっ！」,Stop it! You can't go in there like that!
,,,,
Nayuta.Core1-61,,カシャン……キュイイイイインッ！,カシャン……キュイイイイインッ！,Kashan ...... cuiiiiiiiiinnn!
,,,,
Nayuta.Core1-62,那由多,「ひっ………ま、待ちなさい―――――ッ？！」,「ひっ………ま、待ちなさい―――――ッ？！」,"""Hi―......... wait, wait ―――――?!"""
,Nayuta core 1-7,,,
Nayuta.Core1-63,,ドチュッ！、ドチュッ！、ドチュッ！、ドチュッ！、ドチュッ！,ドチュッ！、ドチュッ！、ドチュッ！、ドチュッ！、ドチュッ！,Doo―doo! Doo―doo! Doo―doo! Doo―doo! Doo―doo!
,,,,
Nayuta.Core1-64,那由多,「ひぎっ♥！？、ッ、んん～～～っっ！！！」,「ひぎっ♥！？、ッ、んん～～～っっ！！！」,HIGGI♥! ♥♥♥♥♥♥♥♥♥♥♥♥♥♥♥♥♥♥♥♥♥♥♥♥♥♥♥♥♥!
,,,,
Nayuta.Core1-65,,最強の聖核戦姫の力でも機械の強力な力に逆らうことはできない,最強の聖核戦姫の力でも機械の強力な力に逆らうことはできない,Even the mightiest Seikaku Princess cannot resist the powerful force of the machine.
,,,,
Nayuta.Core1-66,,ドチュッ！、ドチュッ！、ドチュッ！、ドチュッ！、ドチュッ！,ドチュッ！、ドチュッ！、ドチュッ！、ドチュッ！、ドチュッ！,Doo―doo! Doo―doo! Doo―doo! Doo―doo! Doo―doo!
,,,,
Nayuta.Core1-67,那由多,「はあっ♥！？、お゛っ♥、はっ、はっ、はあっ♥！？」,「はあっ♥！？、お゛っ♥、はっ、はっ、はあっ♥！？」,"""Ha―ha―ha―ha! Oh, oh, oh, oh, oh, oh, oh, oh, oh, oh, oh, oh!"""
,,,,
Nayuta.Core1-68,,(―――――っ、お、お尻がっ、無理やりっ！？),(―――――っ、お、お尻がっ、無理やりっ！？),"(―――――...oh, my butt...forced!)"
,,,,
Nayuta.Core1-69,,「ぐっ！？、や、やめ、止めな…さいっ！」,「ぐっ！？、や、やめ、止めな…さいっ！」,"""Ggh! Stop, stop, stop... come on!"
,,,,
Nayuta.Core1-70,戦闘員,「おいおい最強の聖核戦姫が敵に命乞いか？」,「おいおい最強の聖核戦姫が敵に命乞いか？」,"""Oh come on, the most powerful Seikaku Princess begs for her life against the enemy?"""
,,,,
Nayuta.Core1-71,,ドチュッ！、ドチュッ！、ドチュッ！、ドチュッ！、ドチュッ！,ドチュッ！、ドチュッ！、ドチュッ！、ドチュッ！、ドチュッ！,Doo―doo! Doo―doo! Doo―doo! Doo―doo! Doo―doo!
,,,,
Nayuta.Core1-72,那由多,「ひぐっ♥！？、お゛っ♥、お゛っ♥、そんなことはっ♥！」,「ひぐっ♥！？、お゛っ♥、お゛っ♥、そんなことはっ♥！」,"""HIGGH! Oh, no, no, no, no, no, no, no, no, no, no, no, no, no, no, no, no, no, no, no, no, no, no, no, no!"
,,,,
Nayuta.Core1-73,戦闘員,「じゃあケツ穴がぶっ壊れるまでやるから、まあせいぜい頑張って耐えるんだな」,「じゃあケツ穴がぶっ壊れるまでやるから、まあせいぜい頑張って耐えるんだな」,"Well, I'm going to do it until my asshole breaks, so you're just going to have to hang on for dear life."
,,,,
Nayuta.Core1-74,,ドチュッ！、ドチュッ！、ドチュッ！、ドチュッ！、ドチュッ！,ドチュッ！、ドチュッ！、ドチュッ！、ドチュッ！、ドチュッ！,Doo―doo! Doo―doo! Doo―doo! Doo―doo! Doo―doo!
,,,,
Nayuta.Core1-75,那由多,「ぐうっ♥、くっ♥！！」,「ぐうっ♥、くっ♥！！」,Ugh♥♥♥♥♥♥♥♥♥♥♥♥♥♥♥♥♥♥♥♥♥♥♥♥♥♥♥♥♥♥♥!
,,,,
Nayuta.Core1-76,那由多,(っ、こ、この程度ッ！、私ならっ！！！),(っ、こ、この程度ッ！、私ならっ！！！),(This much! This much! If it were me!)
,,,,
Nayuta.Core1-77,,ドチュッ！、ドチュッ！、ドチュッ！、ドチュッ！、ドチュッ！,ドチュッ！、ドチュッ！、ドチュッ！、ドチュッ！、ドチュッ！,Doo―doo! Doo―doo! Doo―doo! Doo―doo! Doo―doo!
,,,,
Nayuta.Core1-78,,「くううっ♥！、お゛っ♥、お゛おっ♥！！」,「くううっ♥！、お゛っ♥、お゛おっ♥！！」,"""Kuuuhh! Oh, oh, oh, oh, oh, oh, oh, oh!"
,,,,
Nayuta.Core1-79,,その後、数時間にわたり那由多の尻穴を拡張する作業は続くのだった,その後、数時間にわたり那由多の尻穴を拡張する作業は続くのだった,"After that, the process of dilating Nayuta's asshole continued for several hours."
,,,,
,,,,
Nayuta Core Scene２,注釈,聖核シーン２,聖核シーン２,聖核シーン２
,,,,
Nayuta.Core2-1,,那由多への聖核排出調教が始まり、那由多は数時間にわたってピストンによる責めを受け続けていた,那由多への聖核排出調教が始まり、那由多は数時間にわたってピストンによる責めを受け続けていた,"The training of the Seikaku ejection to Nayuta began, and Nayuta continued to receive piston torture for several hours."
,Nayuta core 2ｰ1,,,
Nayuta.Core2-2,,ドチュッ！、ドチュッ！、ドチュッ！、ドチュッ！、ドチュッ！,ドチュッ！、ドチュッ！、ドチュッ！、ドチュッ！、ドチュッ！,Doo―doo! Doo―doo! Doo―doo! Doo―doo! Doo―doo!
,,,,
Nayuta.Core2-3,那由多,「はあっ♥、はあっ♥、はあっ♥、お゛っ♥、お゛おっ♥！」,「はあっ♥、はあっ♥、はあっ♥、お゛っ♥、お゛おっ♥！」,"""Oh, oh, oh, oh, oh, oh, oh, oh, oh, oh!"""
,,,,
Nayuta.Core2-4,,(っ…………お尻にピストンされ続けてっ……もはや感覚がっ……！),(っ…………お尻にピストンされ続けてっ……もはや感覚がっ……！),(I kept getting pistons in my ass ............ and I couldn't feel ...... any more!)
,,,,
Nayuta.Core2-5,,(それにっ……お腹の中がっ……ぎゅるぎゅるしてっ…苦しいですっ…),(それにっ……お腹の中がっ……ぎゅるぎゅるしてっ…苦しいですっ…),(And I'm ...... squirming in my stomach... it's painful...)
,,,,
Nayuta.Core2-6,,(いえっ……私は最強の聖核戦姫っ！、この程度の試練、絶対に乗り越えて見せますっ！),(いえっ……私は最強の聖核戦姫っ！、この程度の試練、絶対に乗り越えて見せますっ！),"(Yes, ...... I am the strongest Seikaku Princess! I will definitely overcome this level of ordeal!)"
,,,,
Nayuta.Core2-7,,その時、部屋の中に戦闘員が入ってくる,その時、部屋の中に戦闘員が入ってくる,"At that moment, a combatant enters the room."
,,,,
Nayuta.Core2-8,戦闘員,「お～那由多ちゃんがんばってるねえ？流石最強の聖核戦姫だな」,「お～那由多ちゃんがんばってるねえ？流石最強の聖核戦姫だな」,"""Oh, Nayuta, you're doing great, aren't you? You are the strongest Seikaku Princess."
,,,,
Nayuta.Core2-9,那由多,「っ、ぐうっ♥！、はあっ♥、はあっ♥！」,「っ、ぐうっ♥！、はあっ♥、はあっ♥！」,"""Gosh, gosh! Aaahh♥, aaahh♥!"
,,,,
Nayuta.Core2-10,,「……っ、ざ、残念でしたね……っ！」,「……っ、ざ、残念でしたね……っ！」,"""......, I'm so sorry ......!"""
,,,,
Nayuta.Core2-11,,「この程度っ♥、最強の聖核戦姫の私の前には無意味ですッ！」,「この程度っ♥、最強の聖核戦姫の私の前には無意味ですッ！」,"This level is meaningless in front of me, the strongest Seikaku Princess!"
,,,,
Nayuta.Core2-12,戦闘員,「ははっ！どう見てもそうは見えねえが…」,「ははっ！どう見てもそうは見えねえが…」,"I don't see it that way..."" Doesn't look that way to me..."""
,,,,
Nayuta.Core2-13,,「本当にそうだってんなら証明してみろっ…ほらよっ！」,「本当にそうだってんなら証明してみろっ…ほらよっ！」,"If you really believe that, prove it... come on!"
,,,,
Nayuta.Core2-14,,ガチャン…ボコッ！,ガチャン…ボコッ！,Clang...bump!
,Nayuta core 2-2,,,
Nayuta.Core2-15,那由多,「………ひぐっ！！！ほお゛っ♥、お゛おおおおおおっっっ！？！？！？」,「………ひぐっ！！！ほお゛っ♥、お゛おおおおおおっっっ！？！？！？」,"""......... Higg! Ho ♥, oh oh oh oh oh!!!!!!!!!!!!!!!!!!!!!!!!!!!!!!!!!!!!!!!!!!!!!!"""
,,,,
Nayuta.Core2-16,,ブリュッ！、ドルルルッ！,ブリュッ！、ドルルルッ！,Brrrrrrrrrrrrrrrrrr! Druhlrrrrrrrrrr!
,,,,
Nayuta.Core2-17,那由多,突然ピストンが那由多のアナルから抜かれ、その衝撃で那由多は勢いよく聖核を排出してしまう,突然ピストンが那由多のアナルから抜かれ、その衝撃で那由多は勢いよく聖核を排出してしまう,"Suddenly, the piston is pulled out of Nayuta's anus, and the impact causes her to vigorously eject her Seikaku."
,,,,
Nayuta.Core2-18,,「お゛っ♥！？、ほお゛っ♥！？お゛ん～～～っ！？」,「お゛っ♥！？、ほお゛っ♥！？お゛ん～～～っ！？」,"""Oh, d'aagh! Oh, oh, oh, oh, oh! Oooooooooooooooooooooooooooooooooooooooooooooooooooooooooooooooooo!"""
,,,,
Nayuta.Core2-19,那由多,(まずいっ、お、お尻の穴からっ………！),(まずいっ、お、お尻の穴からっ………！),"(First of all, my butt hole! .........!)"
,,,,
Nayuta.Core2-20,那由多,「お゛っ♥、お゛っ♥、お゛おっ♥―――――ぐうッッ！！！！」,「お゛っ♥、お゛っ♥、お゛おっ♥―――――ぐうッッ！！！！」,
,Nayuta core 2ｰ3,,,
Nayuta.Core2-21,,那由多はアナルに無理やり力を入れ、漏れ出す聖核を阻止する,那由多はアナルに無理やり力を入れ、漏れ出す聖核を阻止する,Nayuta forces her anus to stop the Seikaku from leaking out
,,,,
Nayuta.Core2-22,那由多,「はあっ♥、はあっ♥、はあっっ♥！！！」,「はあっ♥、はあっ♥、はあっっ♥！！！」,"'Ah ♥, ah ♥, ah ♥, ah ♥!"
,Nayuta core 2-4,,,
Nayuta.Core2-23,戦闘員,「お？マジか、コイツあれだけやってまだケツ穴閉められんのか？」,「お？マジか、コイツあれだけやってまだケツ穴閉められんのか？」,"""Oh? Seriously, she can't shut his asshole after all that?"""
,,,,
Nayuta.Core2-24,那由多,「っっ！、こ、この程度っ♥！」,「っっ！、こ、この程度っ♥！」,"""This is it! This, this much!"
,,,,
Nayuta.Core2-25,,「私は最強の聖核戦姫ですッ！♥、こんなことでっ、絶対に負けませんっ！」,「私は最強の聖核戦姫ですッ！♥、こんなことでっ、絶対に負けませんっ！」,I am the strongest Seikaku Princess! I will never be defeated by such a thing!
,,,,
Nayuta.Core2-26,戦闘員,「ったく……手間かけさせやがって…」,「ったく……手間かけさせやがって…」,"Damn you ...... for making me go through all that trouble..."""
,,,,
Nayuta.Core2-27,,そう言うと戦闘員は那由多のアナルに指を突っ込み、聖核を握る,そう言うと戦闘員は那由多のアナルに指を突っ込み、聖核を握る,Then the fighter sticks his finger into Nayuta's anus and grasps the Seikaku.
,Nayuta core 2-5,,,
Nayuta.Core2-28,,ドルルルッ！,ドルルルッ！,Dorrrrrrrrrrrrrrrrrrrrrrrrr!
,,,,
Nayuta.Core2-29,那由多,「ひっぐうっ♥！、な、なあっ！？」,「ひっぐうっ♥！、な、なあっ！？」,"""Hi―guh―♥! Nah, nah!"
,,,,
Nayuta.Core2-30,戦闘員,「おら、せいぜいぶっ壊れたケツ穴で抵抗してみろ」,「おら、せいぜいぶっ壊れたケツ穴で抵抗してみろ」,"Come on, try to fight back with your busted asshole."
,,,,
Nayuta.Core2-31,那由多,「ほ゛おっ！？、や、やめなさいっ♥！」,「ほ゛おっ！？、や、やめなさいっ♥！」,"""Whoa! No, no, stop it!"
,,,,
Nayuta.Core2-32,,那由多はアナルにキュウキュウと力を入れ、必死に抵抗する,那由多はアナルにキュウキュウと力を入れ、必死に抵抗する,
,,,,
Nayuta.Core2-33,戦闘員,「おいおい、最強の聖核戦姫はそんなもんか？もっと力入れねえと抜けちまうぞ？」,「おいおい、最強の聖核戦姫はそんなもんか？もっと力入れねえと抜けちまうぞ？」,"""Hey, hey, hey, hey, hey, hey, hey, hey, hey, hey, hey, hey, hey, hey, hey, hey, hey, hey, hey, hey! You'd better work harder or you'll lose it."
,,,,
Nayuta.Core2-34,那由多,「くううっ♥……黙り……なさいっ♥」,「くううっ♥……黙り……なさいっ♥」,"Kuuuh ♥...... shut up and ...... stay ♥"""
,,,,
Nayuta.Core2-35,,(っ……！、私がっ……！こんな所で負けるわけにはっ！),(っ……！、私がっ……！こんな所で負けるわけにはっ！),(......! I'm ......! I can't lose here!)
,,,,
Nayuta.Core2-36,,「私はっ……最強の聖核戦姫ですっ……！」,「私はっ……最強の聖核戦姫ですっ……！」,"I am ...... the most powerful Seikaku Princess ......!"""
,,,,
Nayuta.Core2-37,,「私が負けたらっ……学園の子達や…他の聖核戦姫までっ…」,「私が負けたらっ……都市の平和や…他の聖核戦姫までっ…」,"""If I lose, the children of ...... Academy... and even the other Seikaku Princesses..."""
,,,,
Nayuta.Core2-38,,「ですからっ……！私は負けるわけにはいきませんっ！絶対に諦めないッ！」,「ですからっ……！私は負けるわけにはいきませんっ！絶対に諦めないッ！」,"""That's why ......! I can't lose! I will not give up!"
,,,,
Nayuta.Core2-39,戦闘員,「ははっ、それが最後の言葉か…オラッ！」,「ははっ、それが最後の言葉か…オラッ！」,"Haha, those are your last words... orah!"""
,,,,
Nayuta.Core2-40,,戦闘員は腕に力を込め、那由多の聖核を強く引っ張る,戦闘員は腕に力を込め、那由多の聖核を強く引っ張る,Combatants put strength into their arms and pull hard on Nayuta's sacred nucleus.
,,,,
Nayuta.Core2-41,,ドリュリュリュリュッッ！、ドブッ！ブリュリュリュッ！！！,ドリュリュリュリュッッ！、ドブッ！ブリュリュリュッ！！！,Drizzle―drizzle―drizzle―drizzle! Drururururururururururururururururururururururururururu! 
,,,,
Nayuta.Core2-42,那由多,「ほ゛おおおおおおっっっ！？！？！？」,「ほ゛おおおおおおっっっ！？！？！？」,"""Ho―oh―oh―oh―oh―oh―oh―oh―oh―oh―oh―oh―oh―oh―oh―oh―oh―oh―oh―oh―oh―oh."""
,,,,
Nayuta.Core2-43,,那由多はアナルに必死に力を込めるが、もはや戦闘員の屈強な腕に引っ張られる聖核を留めることは出来なかった,那由多はアナルに必死に力を込めるが、もはや戦闘員の屈強な腕に引っ張られる聖核を留めることは出来なかった,"Nayuta put all her strength desperately into her anus, but she could no longer hold the Seikaku that was being pulled by the strong arms of the combatant."
,,,,
Nayuta.Core2-44,那由多,「お゛っ♥、お゛おっ♥、そ、そんな゛ぁっ♥」,「お゛っ♥、お゛おっ♥、そ、そんな゛ぁっ♥」,"""Oh, oh, oh, oh, oh, oh, oh, oh, oh, oh, oh, oh, oh."""
,,,,
Nayuta.Core2-45,,ズルルッ、ズルルッ、ズルルッ！,ズルルッ、ズルルッ、ズルルッ！,"Slurp, slurp, slurp!"
,,,,
Nayuta.Core2-46,,「お゛っ♥、お゛っ♥、お゛っ♥、お゛っ♥？」,「お゛っ♥、お゛っ♥、お゛っ♥、お゛っ♥？」,"""Oooh, oooh, oooh, oooh, oooh, oooh, oooh?"""
,,,,
Nayuta.Core2-47,,聖核が抜けるにつれて那由多の思考も薄まり、抵抗できる意思も消えていく,聖核が抜けるにつれて那由多の思考も薄まり、抵抗できる意思も消えていく,"As the Seikaku leaves, Nayuta's thoughts fade and her will to resist disappears."
,,,,
Nayuta.Core2-48,戦闘員,「おいおい、急にケツ穴緩んじまったな？じゃあこれで終わりだっ！」,「おいおい、急にケツ穴緩んじまったな？じゃあこれで終わりだっ！」,"""Hey, hey, hey, suddenly you've loosened your asshole, haven't you? Then we're done!"""
,,,,
Nayuta.Core2-49,Nayuta core 2-6,ズルルルルルッルルッ！,ズルルルルルッルルッ！,Zulu zulu zulu!
,,,,
Nayuta.Core2-50,,そして戦闘員が一気に腕を引くと、那由多の残りの聖核がところてんのように排出される,そして戦闘員が一気に腕を引くと、那由多の残りの聖核がところてんのように排出される,"And when the combatant pulls back his arm at once, the rest of Nayuta's Seikaku is ejected like a tokoroten."
,,,,
Nayuta.Core2-51,那由多,「ほ゛おおおおおおっ♥っ？っ♥～～～～――――――――――お゛っ♥」,「ほ゛おおおおおおっ♥っ？っ♥～～～～――――――――――お゛っ♥」,"""Oh, oh, oh, oh, oh, oh, oh, oh, oh, oh, oh, oh, oh, oh, oh, oh, oh, oh, oh. ♥ ♥ ♥ ♥ ♥ ♥ ♥ ♥ ♥ ♥ ♥ ♥～～～～―――――――――― Oh!"
,,,,
Nayuta.Core2-52,,(まって！、そんな、わたしっ―――――♥),(まって！、そんな、わたしっ―――――♥),"(Wait! Oh, no, it's me! ―――――♥)"
,,,,
Nayuta.Core2-53,,ぽひゅんという間抜けな音と共に最後の聖核が那由多から排出される,ぽひゅんという間抜けな音と共に最後の聖核が那由多から排出される,"The last Seikaku is ejected from Nayuta with a dumb ""pohyun"" sound."
,Nayuta core 2-7,,,
Nayuta.Core2-54,那由多,「ぅ――――――――――。」,「ぅ――――――――――。」,"""Oooh... ―――――――― ――."""
,,,,
Nayuta.Core2-55,,那由多の目から光が消え、体が脱力する,那由多の目から光が消え、体が脱力する,The light disappears from Nayuta's eyes and her body weakens.
,,,,
Nayuta.Core2-56,那由多,「…………………………」,「…………………………」,"""........................... ..."""
,,,,
Nayuta.Core2-57,戦闘員,「おっし全部出たな、じゃあ集めてふたをして……と」,「おっし全部出たな、じゃあ集めてふたをして……と」,"""Well, all out, now collect them, put the lid on them, and go to ......."""
,Nayuta core 2-8,,,
Nayuta.Core2-58,戦闘員,「ははっ、これでいっちょ上がりだ、最強の聖核戦姫もあっけなかったな」,「ははっ、これでいっちょ上がりだ、最強の聖核戦姫もあっけなかったな」,The most powerful Seikaku Princess didn't take too long.
,,,,
Nayuta.Core2-59,那由多,(……っ！、私っ、どうなって……！？),(……っ！、私っ、どうなって……！？),"(......! What's wrong with me, ......?)"
,,,,
Nayuta.Core2-60,,(私はっ……負けてっ………聖核を……全部排出して………ッ！？),(私はっ……負けてっ………聖核を……全部排出して………ッ！？),(I lost ...... and drained all ...... the Seikaku of ............ ......!)
,,,,
Nayuta.Core2-61,戦闘員,「まあ安心しろ、お前の体も聖核もしっかり使ってやる」,「まあ安心しろ、お前の体も聖核もしっかり使ってやる」,"Don't worry, I'll make sure your body and the Seikaku are well taken care of."""
,,,,
Nayuta.Core2-62,那由多,(～～～～～～～～ッッ！！！！),(～～～～～～～～ッッ！！！！),(～～～～～～～～ッCOPY01)
,,,,
Nayuta.Core2-63,,その後、那由多の聖核は加工され、最強の聖核戦姫は肉体諸共オナホとして使用されるのだった,その後、那由多の聖核は加工され、最強の聖核戦姫は肉体諸共オナホとして使用されるのだった,"After that, Nayuta's Seikaku was processed, and the strongest Seikaku Princess was used as a masturbator along with her body."